latitude,longitude,NEE_predicted,NDVI,NETRAD,TA_1_1_1
4.8,-76.0,-36.21945780600001,0.836512644470532,456.07715640779656,21.193428306022465
4.8,-75.95,-25.938478335,0.7588904950740283,401.07199694604355,19.92347139765763
4.8,-75.9,-10.764047886679998,0.7890247816155914,359.3334432783563,21.495377076201386
4.8,-75.85000000000001,-27.743248578000003,0.7684608812699926,493.5869564457644,23.24605971281605
4.8,-75.80000000000001,-29.917251035000017,0.9,420.74652838316575,19.731693250553327
4.8,-75.75000000000001,-10.974180535679999,0.7531447571485086,370.6408677711339,19.731726086101638
4.8,-75.70000000000002,-12.911712194,0.8949183004850876,357.05192396038404,23.358425631014782
4.8,-75.65000000000002,-35.71240269300002,0.9,515.9922768266208,21.734869458305816
4.8,-75.60000000000002,-33.18052704800001,0.9,424.2577711903003,19.261051228130096
4.8,-75.55000000000003,-17.954084298999994,0.8001135501195242,387.66946834560446,21.28512008717193
4.8,-75.50000000000003,-27.423659903999997,0.7817003474042504,402.6633445871677,19.273164614375077
4.8,-75.45000000000003,-17.74311873,0.8859250825519389,316.799907531329,19.268540492859486
4.8,-75.40000000000003,-19.471410451699995,0.6993182038438215,475.1434901633063,20.68392454313207
4.8,-75.35000000000004,-18.380057588299994,0.7274565797993489,402.0294411759051,16.373439510684403
4.8,-75.30000000000004,-31.592666331000018,0.8498260647553446,436.7015795222104,16.750164334973935
4.8,-75.25000000000004,-7.583610755000003,0.7658285533569958,326.53610049390966,19.075424941518055
4.8,-75.20000000000005,-29.969829972999996,0.9,425.4518442147122,18.174337759331152
4.8,-75.15000000000005,-25.4582808821,0.7568630883355554,407.2544125055261,20.828494665190547
4.8,-75.10000000000005,-18.806938665720004,0.6890325745955653,431.6394281736318,18.383951848957576
4.8,-75.05000000000005,-20.29903527021,0.7101035831261155,405.2403777335813,17.375392597329416
4.8,-75.00000000000006,-30.85994409800001,0.8458027018262033,428.3105774091635,23.131297537843107
4.8,-74.95000000000006,-18.972907541000005,0.8192788546442695,376.283366822691,19.74844739902693
4.8,-74.90000000000006,-27.90292903600001,0.9,400.61042769827293,20.33505640937585
4.8,-74.85000000000007,-10.433798415679997,0.7782299278691597,337.54291882640473,17.350503627573087
4.8,-74.80000000000007,-29.085601179,0.823266241384982,408.6085805373484,19.111234550949632
4.8,-74.75000000000007,-31.852847549999993,0.8566933427245804,524.9230741199017,20.42184517941973
4.85,-76.0,-28.812361714999994,0.7712553039623972,454.27519290927256,18.04801284515539
4.85,-75.95,-23.485470611999986,0.880691313268221,471.6040655697673,21.10139603669134
4.85,-75.9,-34.99161881800002,0.8211575360292115,434.45761763184566,19.14872262016239
4.85,-75.85000000000001,-33.10245626299999,0.9,450.09736834303123,19.766612500413444
4.85,-75.80000000000001,-19.52756379099999,0.719163261435675,413.56486243081196,19.146586775541206
4.85,-75.75000000000001,-28.587147246000004,0.9,396.3995030363162,24.054556369017874
4.85,-75.70000000000002,-19.039338638,0.8041314000366253,378.195970172371,20.32300555052413
4.85,-75.65000000000002,-34.239980466999995,0.8714453167239862,466.5539171468565,18.234578142088196
4.85,-75.60000000000002,-27.449740761999983,0.8007871888158106,402.2460673907941,21.995089824206374
4.85,-75.55000000000003,-27.593862018,0.9,407.7888445679064,17.908312700057955
4.85,-75.50000000000003,-19.290000566979998,0.6047902396753556,469.7905118637622,20.76772719000951
4.85,-75.45000000000003,-17.941733980999988,0.9,375.96729613815296,16.430659752240448
4.85,-75.40000000000003,-18.97361855152,0.7275374695551952,431.5608990503639,17.693627902203136
4.85,-75.35000000000004,-20.820460151999992,0.9,377.4643761149715,20.743722471738245
4.85,-75.30000000000004,-28.95081640100001,0.9,416.0612503592489,21.82693315999082
4.85,-75.25000000000004,-23.687770572999998,0.9,401.4234918918049,20.692736562379938
4.85,-75.20000000000005,-32.29546540000001,0.9,452.6800591886822,20.118703435223516
4.85,-75.15000000000005,-34.082027265,0.9,448.4454526613001,19.74779260882142
4.85,-75.10000000000005,-27.669695934999986,0.7721590198419863,428.97395987898534,17.392956019265142
4.85,-75.05000000000005,-22.38665485910001,0.7140875624652318,411.05208199084217,18.910311583210582
4.85,-75.00000000000006,-21.317803585690008,0.6795376550573318,440.52592208599293,19.428722458080422
4.85,-74.95000000000006,-29.887710672000004,0.9,404.26165898432765,22.46424445243783
4.85,-74.90000000000006,-19.079253820130003,0.6598498609096726,409.7305823902277,21.03723657913692
4.85,-74.85000000000007,-31.044348437,0.895425711262163,436.0786433943536,16.82391968927453
4.85,-74.80000000000007,-26.333944693099994,0.7662833958088052,421.75647032467805,20.99816793878959
4.85,-74.75000000000007,-15.412923440299997,0.6608472029375846,371.6105534787054,19.579835439167365
4.8999999999999995,-76.0,-18.56299623769999,0.7239227424747066,414.20924233906106,19.14615599938808
4.8999999999999995,-75.95,-26.761278464999997,0.775406550224584,499.10044821437947,21.723352577681734
4.8999999999999995,-75.9,-19.09289307662,0.6739087716169534,425.23359567741954,22.5619990449919
4.8999999999999995,-75.85000000000001,-24.763887248099994,0.8150382602847646,434.87099725451367,22.362560238232394
4.8999999999999995,-75.80000000000001,-35.54895719600002,0.8836206304703152,451.47118880490575,18.82156495355472
4.8999999999999995,-75.75000000000001,-32.304670483,0.9,474.31336219315915,19.88157524829757
4.8999999999999995,-75.70000000000002,-21.203222179520004,0.724751919826755,450.063362820234,21.162526862807123
4.8999999999999995,-75.65000000000002,-28.321128579000014,0.8742773197381132,414.1366711557279,22.451090254244715
4.8999999999999995,-75.60000000000002,-30.50896214199999,0.8189322496316277,460.5441951658848,19.541651524309415
4.8999999999999995,-75.55000000000003,-28.955402352999997,0.9,393.1454912264948,20.128682046672363
4.8999999999999995,-75.50000000000003,-31.452557391,0.8583897601137694,514.1708865273024,18.28733005198794
4.8999999999999995,-75.45000000000003,-10.768162117,0.7905146570933177,367.99735995436106,18.107586751838653
4.8999999999999995,-75.40000000000003,-19.055282201399997,0.6844252401264208,473.6517129827261,22.125051644788392
4.8999999999999995,-75.35000000000004,-26.428726608999995,0.8221338748549573,391.60130422067596,23.212480057141644
4.8999999999999995,-75.30000000000004,-31.214943810000005,0.8345854785971526,490.93611836045113,20.35597975683933
4.8999999999999995,-75.25000000000004,-11.271031763999996,0.7424764706448934,310.489821238644,22.507065795784044
4.8999999999999995,-75.20000000000005,-26.84320123849999,0.7904771451345987,393.214341472892,21.223272050095265
4.8999999999999995,-75.15000000000005,-11.371757824439996,0.661433905965323,327.58926642797485,19.209760490789748
4.8999999999999995,-75.10000000000005,-13.110522616999999,0.7930048426034697,374.66706591713967,21.222791211016823
4.8999999999999995,-75.05000000000005,-34.800130726,0.9,468.0546495638558,23.576073132931935
4.8999999999999995,-75.00000000000006,-31.194250909999987,0.9,515.080783267227,20.428347921780095
4.8999999999999995,-74.95000000000006,-22.186036761100002,0.6987273309438711,406.8553357743578,23.62928731162801
4.8999999999999995,-74.90000000000006,-22.496419846000002,0.8299441914183223,376.0289049996197,15.260509791820507
4.8999999999999995,-74.85000000000007,-22.458770296520015,0.7340692138025242,486.5823444735451,22.143805008750444
4.8999999999999995,-74.80000000000007,-27.689694498999987,0.798025739956233,410.544216643508,20.674094136476338
4.8999999999999995,-74.75000000000007,-38.80493856300001,0.8285896849489284,428.65511283943374,19.90198529906826
4.949999999999999,-76.0,-11.056714878999996,0.8934474873331628,324.7739645787865,20.833521553071
4.949999999999999,-75.95,-33.571674245000004,0.9,426.6592095061425,16.674862170798214
4.949999999999999,-75.9,-13.448841811999998,0.8589602631130985,365.6401413511278,20.210656224324975
4.949999999999999,-75.85000000000001,-27.04653515699999,0.8056100682341316,414.92613624442924,21.364225143023493
4.949999999999999,-75.80000000000001,-34.455905181000006,0.9,438.04542268664477,23.60578808948303
4.949999999999999,-75.75000000000001,-16.648047821000002,0.8200008500901929,359.1070803054624,19.613459563452704
4.949999999999999,-75.70000000000002,-33.06271913199999,0.9,465.35132155694606,19.033012794213622
4.949999999999999,-75.65000000000002,-18.476244832040003,0.6646960159438655,440.9955031510258,19.646485912830926
4.949999999999999,-75.60000000000002,-34.169256132,0.9,446.1600434075916,22.480804235404147
4.949999999999999,-75.55000000000003,-24.638103594,0.8134632788989395,446.68131376657084,21.307502219319367
4.949999999999999,-75.50000000000003,-11.892569888719997,0.7114491008276809,372.7021855418516,19.590479592465922
4.949999999999999,-75.45000000000003,-8.609604226000005,0.807080103345435,344.9437090490754,21.67653486622671
4.949999999999999,-75.40000000000003,-17.972524650739995,0.724304281814742,495.833504406296,20.844155098696078
4.949999999999999,-75.35000000000004,-31.52566137099999,0.876684015000324,473.30826692532037,22.587289981065776
4.949999999999999,-75.30000000000004,-34.764784664000004,0.82813835169502,519.9133226758842,19.245893812245292
4.949999999999999,-75.25000000000004,-30.479739196000022,0.8545057865595512,414.2337420224471,19.99467570680446
4.949999999999999,-75.20000000000005,-18.70636103871,0.7128383568369203,381.15632504166126,19.865783693735683
4.949999999999999,-75.15000000000005,-16.293075397679992,0.789757516920309,383.98241794224884,17.72297010373576
4.949999999999999,-75.10000000000005,-26.779036546999986,0.8013902198289845,404.4310873438869,21.24224055412915
4.949999999999999,-75.05000000000005,-27.292328362999992,0.7831199962121416,425.05748754641485,21.17211054435978
4.949999999999999,-75.00000000000006,-17.906848334000003,0.9,360.8239944800808,20.66022691328492
4.949999999999999,-74.95000000000006,-15.917138282999996,0.8629229415499602,350.3306862812706,20.180825733249705
4.949999999999999,-74.90000000000006,-25.317826164999992,0.7978222821832527,397.8950569465933,17.819258515899172
4.949999999999999,-74.85000000000007,-18.620826263540003,0.6503103566811936,442.91637080893145,19.80870935446928
4.949999999999999,-74.80000000000007,-31.97081618299999,0.893364775529918,409.7349173607454,19.96457096694646
4.949999999999999,-74.75000000000007,-33.07414110199999,0.9,471.34164990907317,19.04544546155676
4.999999999999999,-76.0,-26.465063646999994,0.7845489440377831,430.8309079969598,20.47742857666798
4.999999999999999,-75.95,-27.527721016999987,0.7911672539581774,407.99417592743373,21.608101713629075
4.999999999999999,-75.9,-10.891603803519999,0.5091900913883991,464.3173407593198,24.572371802421056
4.999999999999999,-75.85000000000001,-23.139208749999998,0.7478984242667409,443.56640183445427,21.149155625663674
4.999999999999999,-75.80000000000001,-20.50142255191,0.6130487293294817,514.8102248488358,21.315100781445526
4.999999999999999,-75.75000000000001,-12.370629658000002,0.8294909900441408,358.8469128103284,20.651108168467662
4.999999999999999,-75.70000000000002,-34.23266039400001,0.8245795336798051,441.0284860061489,16.962457569401913
4.999999999999999,-75.65000000000002,-8.885969178000003,0.8321952125705772,343.6115246067794,20.746972249101564
4.999999999999999,-75.60000000000002,-10.069857741000002,0.7973711157230066,319.8054049593582,20.92046041988205
4.999999999999999,-75.55000000000003,-20.856951111999987,0.9,379.43000439009273,25.72648422497057
4.999999999999999,-75.50000000000003,-12.946884578610003,0.6830067245875313,449.7311804934044,20.41527807043775
4.999999999999999,-75.45000000000003,-39.867340161,0.8503559905844439,460.74593943813437,21.403094684667224
4.999999999999999,-75.40000000000003,-34.70871730300002,0.8880431363428104,481.7976987562154,20.73057646058951
4.999999999999999,-75.35000000000004,-16.126952976799995,0.8013905303004198,309.9656669840669,18.462643924760933
4.999999999999999,-75.30000000000004,-28.660954426000007,0.8770667524564564,394.003403957293,23.08564562903004
4.999999999999999,-75.25000000000004,-17.659201734679996,0.7692654991525343,382.0285766161145,22.303866065373544
4.999999999999999,-75.20000000000005,-17.292787639999993,0.819668129728614,388.41361460121925,22.38206389408609
4.999999999999999,-75.15000000000005,-16.826703359999996,0.9,374.21993382846165,18.98122509041052
4.999999999999999,-75.10000000000005,-18.99946962933,0.6335685800719615,403.25999829187066,23.605588621872194
4.999999999999999,-75.05000000000005,-28.363128742999994,0.7687664237642553,435.2658578624617,17.996297874415436
4.999999999999999,-75.00000000000006,-22.135123972679995,0.7467896524238022,417.7752526217149,21.97371418760054
4.999999999999999,-74.95000000000006,-28.936207795000005,0.793231903638134,440.7472239660373,25.180911251619953
4.999999999999999,-74.90000000000006,-22.679485314000004,0.9,388.024289358904,18.81892734973862
4.999999999999999,-74.85000000000007,-27.681411122999997,0.7435042905640332,443.3005561483086,19.667404540794454
4.999999999999999,-74.80000000000007,-31.269911283999996,0.9,446.8033938466304,20.99930273017528
4.999999999999999,-74.75000000000007,-31.31284998699999,0.9,462.40456496570425,19.7930486917676
5.049999999999999,-76.0,-30.839935071,0.8193352631281259,423.67910291135394,17.84867313786773
5.049999999999999,-75.95,-33.23972617299999,0.8611696268282943,476.69211957317265,21.08712594961205
5.049999999999999,-75.9,-33.397904776,0.8567824967511868,505.074332472387,18.825392572547784
5.049999999999999,-75.85000000000001,-20.72096901987001,0.735376125873491,441.2292305836228,21.897184861270357
5.049999999999999,-75.80000000000001,-12.914816110000004,0.8738880760303321,367.02635610928934,19.11115153153239
5.049999999999999,-75.75000000000001,-6.831361629009994,0.7957078154662509,372.6755047325863,24.049868810035075
5.049999999999999,-75.70000000000002,-12.011612638000004,0.8142634908105509,368.92460960715766,19.38349341532752
5.049999999999999,-75.65000000000002,-17.461106093140003,0.6502718398542301,426.0905606136923,20.305876967588645
5.049999999999999,-75.60000000000002,-26.792675796999998,0.766784578297945,529.9085247901393,22.577034434739335
5.049999999999999,-75.55000000000003,-21.904205371,0.8863330154957695,389.67087037002455,18.488271367132086
5.049999999999999,-75.50000000000003,-23.697183926200015,0.7378640296640885,526.0608017192897,21.404919869208253
5.049999999999999,-75.45000000000003,-34.625612682,0.9,448.53313805434743,23.56428550856485
5.049999999999999,-75.40000000000003,-8.687544287680002,0.7612539844569354,350.9379781830695,17.73503353087754
5.049999999999999,-75.35000000000004,-24.091818500999988,0.8926625557611716,390.0875809729065,21.319267717064605
5.049999999999999,-75.30000000000004,-29.477998740000007,0.9,412.0564056079943,21.46976558849684
5.049999999999999,-75.25000000000004,-31.420605954,0.8378146951011021,435.9147109333054,22.513645743554616
5.049999999999999,-75.20000000000005,-26.92025096799999,0.7951553436830529,396.50612360535627,18.476098578243832
5.049999999999999,-75.15000000000005,-29.051766761000003,0.8314288761750651,412.6122430077104,18.309086773831442
5.049999999999999,-75.10000000000005,-34.819791816,0.8684323554752682,516.3127766855256,21.99388313123379
5.049999999999999,-75.05000000000005,-31.952473671000007,0.9,488.20400828615055,21.54396934646637
5.049999999999999,-75.00000000000006,-35.988732825000014,0.9,427.2982756092622,21.45098570069175
5.049999999999999,-74.95000000000006,-6.717956315680002,0.7481460047244239,333.87617674064745,21.64289641899395
5.049999999999999,-74.90000000000006,-17.79692744014,0.7232224958527395,433.758380519825,19.589950556843014
5.049999999999999,-74.85000000000007,-33.946295671,0.9,444.914452073287,21.414507394322
5.049999999999999,-74.80000000000007,-22.086065810800008,0.734075687312752,476.00570289326606,21.536144946597357
5.049999999999999,-74.75000000000007,-21.995183586540012,0.6312033557687091,418.3902925721851,19.52129716394726
5.099999999999999,-76.0,-19.272089544999986,0.9,387.5829419125329,24.831549022289508
5.099999999999999,-75.95,-27.231837827999993,0.8190186185344925,407.7923996169393,22.04766584182357
5.099999999999999,-75.9,-35.21301920900001,0.8251895849626825,420.3790601128091,18.717393005594698
5.099999999999999,-75.85000000000001,-14.436235018000005,0.806342856253418,374.117809955467,22.413107217267655
5.099999999999999,-75.80000000000001,-19.046205045999987,0.8704205273192267,388.53092857894916,19.150636659545352
5.099999999999999,-75.75000000000001,-15.919732565709994,0.6914425989519551,385.00408191208504,22.674169207484898
5.099999999999999,-75.70000000000002,-27.048944131999992,0.9,534.5659851167663,23.417191158014802
5.099999999999999,-75.65000000000002,-17.610914375,0.8692997123210231,367.15877480752727,19.458635363296573
5.099999999999999,-75.60000000000002,-27.571534150999987,0.8203167028377611,414.21470823332305,23.02675225848864
5.099999999999999,-75.55000000000003,-27.800734986000002,0.796387806825062,446.4853048335618,21.925561853872992
5.099999999999999,-75.50000000000003,-29.63678415700001,0.8987361486445055,415.44584884701464,22.744120319988973
5.099999999999999,-75.45000000000003,-36.98342760300001,0.9,456.8946256215512,24.89358596530789
5.099999999999999,-75.40000000000003,-28.551997274999998,0.9,406.2862789253022,20.609223767994255
5.099999999999999,-75.35000000000004,-31.88578341900001,0.9,427.1659114268138,19.592527671285016
5.099999999999999,-75.30000000000004,-34.676778863,0.9,453.2981967943787,19.32097114074895
5.099999999999999,-75.25000000000004,-29.888988042999994,0.805242830131789,435.78424572925786,19.468379430069117
5.099999999999999,-75.20000000000005,-31.223036976,0.9,467.9658711879249,20.945796581171788
5.099999999999999,-75.15000000000005,-29.298174426,0.7995653668483791,432.3464658770701,21.78230394963328
5.099999999999999,-75.10000000000005,-31.365376922,0.8436899781517301,433.40915738603536,21.653381598660033
5.099999999999999,-75.05000000000005,-28.727476026999998,0.9,409.41239920567466,22.75436649807204
5.099999999999999,-75.00000000000006,-24.5022754244,0.8866331615795254,403.26913817368995,21.12600378375581
5.099999999999999,-74.95000000000006,-26.656056498999988,0.794135891578181,417.0226766027764,24.007068154314627
5.099999999999999,-74.90000000000006,-19.02405422881,0.6470750307357066,448.10606747260726,20.570686333524083
5.099999999999999,-74.85000000000007,-30.97613695699999,0.9,510.03777857561,26.540338333179232
5.099999999999999,-74.80000000000007,-33.075373803999994,0.8716834378706279,462.6701213565112,22.351334695530007
5.099999999999999,-74.75000000000007,-31.454491597999994,0.9,455.89676493902493,19.38568488716743
5.149999999999999,-76.0,-30.41609663500001,0.8710902990945536,421.1898360798414,19.108215003877767
5.149999999999999,-75.95,-26.94378956949999,0.7872945206895647,407.7854554202323,22.214944830486363
5.149999999999999,-75.9,-32.14212952900001,0.9,490.8239528764427,20.803074429348293
5.149999999999999,-75.85000000000001,-34.27975820300001,0.9,447.08900720975055,22.678000988184177
5.149999999999999,-75.80000000000001,-18.989833600940013,0.5851038532020744,332.7544969806528,22.19647524914708
5.149999999999999,-75.75000000000001,-19.22174242594,0.627046659385761,419.13202425023877,21.10434217468625
5.149999999999999,-75.70000000000002,-27.27796694299998,0.7883407944719756,398.3119142822785,19.556412563863184
5.149999999999999,-75.65000000000002,-29.53525271700002,0.8395901769928564,403.4536321608923,18.220305550628265
5.149999999999999,-75.60000000000002,-6.740032036680001,0.7898186819659772,335.8008428707456,20.35697009586595
5.149999999999999,-75.55000000000003,-34.07286663,0.9,459.0605233573423,22.962797588646936
5.149999999999999,-75.50000000000003,-28.253160232999996,0.9,411.1761294265007,21.678187488260402
5.149999999999999,-75.45000000000003,-19.875407914920004,0.7157563259029172,468.0655371414222,18.758522442576016
5.149999999999999,-75.40000000000003,-7.49671795861,0.8698556809809496,336.04402045273,21.59636185170236
5.149999999999999,-75.35000000000004,-25.345007125999995,0.8901544441231389,496.07956952695173,22.020634759457668
5.149999999999999,-75.30000000000004,-34.037107307999975,0.8978827510948869,401.0334685132777,19.482285127597727
5.149999999999999,-75.25000000000004,-22.435498441999993,0.7444485396593108,457.50901181864714,21.557450211891048
5.149999999999999,-75.20000000000005,-21.611491862999998,0.9,386.42752939817115,21.366417436891993
5.149999999999999,-75.15000000000005,-33.708339178,0.8355979342431648,436.0313756802122,18.964059404338748
5.149999999999999,-75.10000000000005,-18.180649546,0.9,371.6268124481236,21.96557472069656
5.149999999999999,-75.05000000000005,-31.343948587999993,0.8604481380505378,462.367540399971,22.37156905273646
5.149999999999999,-75.00000000000006,-23.750209805999994,0.7512489120170224,400.160209986976,23.416102486350546
5.149999999999999,-74.95000000000006,-19.11382467891,0.6944769055088131,365.701109393036,23.3576041040698
5.149999999999999,-74.90000000000006,-27.15866402399999,0.7972122809717914,426.0920098520919,18.49466126408581
5.149999999999999,-74.85000000000007,-18.69437205522,0.7298194291903107,445.15737971407043,19.37434992016975
5.149999999999999,-74.80000000000007,-27.213902974999982,0.8146349475116653,423.15482307227035,22.280070534417312
5.149999999999999,-74.75000000000007,-34.477109735,0.8989482550024386,471.9800241778164,22.27757190182441
5.199999999999998,-76.0,-31.604193645000006,0.8641330890159387,519.5004785089279,22.43009537261209
5.199999999999998,-75.95,-34.11801673499999,0.9,535.0078612576309,29.105462981309437
5.199999999999998,-75.9,-18.51880116099999,0.9,378.9890055249924,22.541781021386328
5.199999999999998,-75.85000000000001,-10.643694850999998,0.8816414123402159,339.74092003942434,23.671131280361195
5.199999999999998,-75.80000000000001,-24.855588383799997,0.9,414.22007703459644,23.3080035269864
5.199999999999998,-75.75000000000001,-13.380225812179992,0.8027271867956649,379.1472486200181,22.70278250261159
5.199999999999998,-75.70000000000002,-27.843086785,0.7839825809691753,484.5617469148048,20.769461510719303
5.199999999999998,-75.65000000000002,-18.59858225883,0.6881698384939163,418.2466047019133,22.91793844098653
5.199999999999998,-75.60000000000002,-13.249421782179997,0.7327380255735355,369.5587411459483,19.854349570924853
5.199999999999998,-75.55000000000003,-33.308985774,0.9,483.24939502152785,20.926362786519977
5.199999999999998,-75.50000000000003,-32.46654603600001,0.8603973334352315,440.99816636427346,20.429272904341786
5.199999999999998,-75.45000000000003,-32.14072498099999,0.8763339511604739,402.0763774271528,21.56374827877264
5.199999999999998,-75.40000000000003,-33.77937374899999,0.8745490050539104,560.6603424125873,26.029317133347014
5.199999999999998,-75.35000000000004,-20.954845545900007,0.734212104239542,430.25261713182505,17.665469614816498
5.199999999999998,-75.30000000000004,-17.088980418000002,0.8172804988609533,370.84553681063153,22.77252038074902
5.199999999999998,-75.25000000000004,-13.765712843999998,0.7946715647455782,330.064753350166,18.17456825762069
5.199999999999998,-75.20000000000005,-15.984753630629998,0.6125426009575433,384.4594710992462,20.45613626842113
5.199999999999998,-75.15000000000005,-39.270438285,0.9,495.91413123392505,23.57790119393473
5.199999999999998,-75.10000000000005,-17.620403191519994,0.6832160991375493,517.431985480777,21.52856003819092
5.199999999999998,-75.05000000000005,-29.31890696800001,0.8946586702469524,417.43676226382144,19.244510444141383
5.199999999999998,-75.00000000000006,-19.00840293499999,0.803263753741921,389.2978735313754,19.969392581480058
5.199999999999998,-74.95000000000006,-35.88392092500001,0.8375177362127673,476.7696953324478,22.759195497869346
5.199999999999998,-74.90000000000006,-26.156522436399992,0.760675305199296,491.0566170174369,19.93926673656572
5.199999999999998,-74.85000000000007,-10.462344952999999,0.9,349.648093239335,21.832917179163946
5.199999999999998,-74.80000000000007,-28.735660255000013,0.9,411.842556472238,21.49114367980762
5.199999999999998,-74.75000000000007,-36.62340590000001,0.8818744909983307,458.29991670282635,20.096799304788362
5.249999999999998,-76.0,-29.908105917000004,0.8296151272995957,509.08342567522334,25.837888178650644
5.249999999999998,-75.95,-27.878158407999987,0.7876019686148444,419.5526904380502,22.817838044636016
5.249999999999998,-75.9,-29.547191477000005,0.9,422.50295868534664,17.49971482668478
5.249999999999998,-75.85000000000001,-31.235105953999987,0.9,508.64338623844617,21.92290862953885
5.249999999999998,-75.80000000000001,-17.568810686,0.9,304.9068593398648,20.226427070463217
5.249999999999998,-75.75000000000001,-27.361776310799993,0.7569005085333063,477.53516555173485,23.25486666959244
5.249999999999998,-75.70000000000002,-32.729302956000005,0.8265551467539991,497.5955505599708,19.96495852313459
5.249999999999998,-75.65000000000002,-28.72363003400001,0.9,394.1120472683147,21.320527117066195
5.249999999999998,-75.60000000000002,-29.748698759000007,0.8602577185910902,403.60037309821143,22.559974557960906
5.249999999999998,-75.55000000000003,-26.471307913049987,0.759795112830906,391.3022115685234,23.281510388340237
5.249999999999998,-75.50000000000003,-27.440519057999985,0.8156740028295582,415.38030593884184,19.149407185888442
5.249999999999998,-75.45000000000003,-31.982075909000006,0.8885038940603908,452.1008356246238,20.880997528318098
5.249999999999998,-75.40000000000003,-20.092378348999986,0.8497506105283261,381.82955788008996,20.60010937767808
5.249999999999998,-75.35000000000004,-27.526529346999986,0.8245960987413685,457.48259423133777,20.24334153485257
5.249999999999998,-75.30000000000004,-29.569134601000005,0.8118615875528588,528.222147171474,25.080908480562186
5.249999999999998,-75.25000000000004,-34.077069261999995,0.9,500.24373866472365,22.359963421921904
5.249999999999998,-75.20000000000005,-31.304024858000005,0.8526645373346156,519.7035314458906,19.028232091329905
5.249999999999998,-75.15000000000005,-26.31992156900001,0.746752312780489,470.1358456124148,23.385723894109546
5.249999999999998,-75.10000000000005,-35.79226414600001,0.9,469.0888394612691,25.794312394025262
5.249999999999998,-75.05000000000005,-31.985787167999998,0.8983621302492688,501.5103453732585,23.614930521102288
5.249999999999998,-75.00000000000006,-11.936326502000002,0.8013223005717255,354.5156747431811,18.511260068091968
5.249999999999998,-74.95000000000006,-13.68456881421,0.7108536288381054,371.6089654175456,20.581531854267492
5.249999999999998,-74.90000000000006,-24.49905336,0.7538188781140263,414.8447930862073,24.08382229837324
5.249999999999998,-74.85000000000007,-6.12432631621,0.8433000046800149,361.6541561596265,20.134661068762433
5.249999999999998,-74.80000000000007,-34.988673215,0.8282594622257243,475.30733536654816,22.437638856292452
5.249999999999998,-74.75000000000007,-29.621610044999994,0.807409525050345,447.16821667698395,23.099268106858666
5.299999999999998,-76.0,-18.92045053403,0.707379655576746,394.5658427892451,19.846139056843825
5.299999999999998,-75.95,-14.667917292999995,0.8934215438085696,333.18212829808124,21.580949287876393
5.299999999999998,-75.9,-15.512718850499994,0.5315783252956162,337.77830747952964,15.217465319861848
5.299999999999998,-75.85000000000001,-33.261628851,0.8400710341620407,495.76970369398447,19.651224717331413
5.299999999999998,-75.80000000000001,-33.69132617499999,0.8864427250291373,527.7965825625348,21.194863697213673
5.299999999999998,-75.75000000000001,-31.314117005999993,0.8697566322391465,505.2228747269364,19.20443363607029
5.299999999999998,-75.70000000000002,-31.376352981000004,0.9,466.9970033226381,24.964822607863262
5.299999999999998,-75.65000000000002,-18.67589088691,0.7069575664872627,350.87538616003417,18.839717244078727
5.299999999999998,-75.60000000000002,-19.714808753679996,0.741477401102832,391.7743483359337,20.819911026606025
5.299999999999998,-75.55000000000003,-26.924272997000006,0.7454121976547885,474.39226312157814,21.961481154572176
5.299999999999998,-75.50000000000003,-26.803399498999987,0.7579386943372673,566.1636607850515,24.582546578132224
5.299999999999998,-75.45000000000003,-18.546683531480003,0.6022287808533938,447.66375621151116,18.828275697641114
5.299999999999998,-75.40000000000003,-32.18106389100001,0.9,445.13827385891585,24.02632750430991
5.299999999999998,-75.35000000000004,-31.729069774999992,0.9,442.9632180572513,21.720466122039166
5.299999999999998,-75.30000000000004,-14.888447455729999,0.776336307803071,356.94966984916806,19.73698269790409
5.299999999999998,-75.25000000000004,-13.819653710000003,0.9,370.6798573603088,22.624206948526535
5.299999999999998,-75.20000000000005,-27.816005092999998,0.8434069513886491,402.71498083587886,22.09811939114693
5.299999999999998,-75.15000000000005,-25.435847385,0.7680933567132084,417.63211007355744,20.499566245682402
5.299999999999998,-75.10000000000005,-11.727301610099998,0.8017323023860924,381.19310821795045,21.83960416998003
5.299999999999998,-75.05000000000005,-29.281706506999996,0.8091060422409252,510.3333578836846,20.929372806276472
5.299999999999998,-75.00000000000006,-18.83764141699999,0.9,387.0248331762229,21.927034690502488
5.299999999999998,-74.95000000000006,-38.869087382000004,0.8858562576211917,430.4463407655842,23.024261349042085
5.299999999999998,-74.90000000000006,-17.79082284484,0.6510697357465501,412.0751649768068,24.872033632290695
5.299999999999998,-74.85000000000007,-17.274259369,0.9,361.93671774828175,19.224369002346293
5.299999999999998,-74.80000000000007,-32.254637560000006,0.9,417.5115302241346,25.966066749312525
5.299999999999998,-74.75000000000007,-18.6278933051,0.7275910564308739,489.6395235071657,17.795824400954988
5.349999999999998,-76.0,-17.69343199009,0.6835197166159641,461.3470021602776,21.546429809928828
5.349999999999998,-75.95,-20.622945782899997,0.7444459076084562,441.9796060061178,23.02663441296915
5.349999999999998,-75.9,-27.933380679999985,0.7792811045686879,424.86078161364816,22.41198373547006
5.349999999999998,-75.85000000000001,-27.209092957000003,0.7604786267663185,485.78423783543747,20.604600960358805
5.349999999999998,-75.80000000000001,-28.205488440999986,0.7533008325461786,446.0073579928421,21.433755499285443
5.349999999999998,-75.75000000000001,-21.19359362854001,0.6422495113362088,413.65400359737816,20.86399813068233
5.349999999999998,-75.70000000000002,-31.982075909000006,0.8944003437389404,449.48020820918737,20.67127048611157
5.349999999999998,-75.65000000000002,-22.37149600399999,0.7665533929088112,398.92404270964585,23.549204194042044
5.349999999999998,-75.60000000000002,-28.523516860999994,0.8253737104914889,419.83368332578937,22.564030971930087
5.349999999999998,-75.55000000000003,-31.408531372999988,0.8640310834114714,492.36347383904103,20.464180809478687
5.349999999999998,-75.50000000000003,-17.7018385448,0.7135540890016685,545.4421423466765,23.649199750866497
5.349999999999998,-75.45000000000003,-22.290610825999998,0.8498814404920503,389.3183356300188,22.464599041753214
5.349999999999998,-75.40000000000003,-31.369620071000003,0.9,436.45031935678367,23.475724237677916
5.349999999999998,-75.35000000000004,-26.796154616,0.8376158858770109,455.0023007347159,23.10925768384722
5.349999999999998,-75.30000000000004,-27.953728927000007,0.9,415.74759706700934,20.19200997815585
5.349999999999998,-75.25000000000004,-34.28111119599999,0.9,479.1917737622173,20.729637919606056
5.349999999999998,-75.20000000000005,-13.626691755839994,0.7130537502841889,388.43845743411254,23.34458721024652
5.349999999999998,-75.15000000000005,-29.036813205999984,0.7759196948939369,462.4312607076782,23.070740530866924
5.349999999999998,-75.10000000000005,-32.008288967000006,0.8490983978277887,479.70783364073316,21.8081968120717
5.349999999999998,-75.05000000000005,-29.14261572000001,0.7801988295014236,526.4224126720611,22.084654766617557
5.349999999999998,-75.00000000000006,-18.95568967399999,0.8877966659234378,387.78119685346127,24.405329791576843
5.349999999999998,-74.95000000000006,-34.57148983300001,0.9,422.8281757048046,20.666857222328336
5.349999999999998,-74.90000000000006,-30.28502301200002,0.8302482456581408,454.46500880470734,22.944194762340068
5.349999999999998,-74.85000000000007,-32.11300552600002,0.8456228344843358,423.46473434004383,21.445614695132207
5.349999999999998,-74.80000000000007,-16.57203427999999,0.8096599447981745,384.3586480200785,21.414637593545553
5.349999999999998,-74.75000000000007,-17.489576387059998,0.597826479683311,375.7648835943454,24.047553703974376
5.399999999999998,-76.0,-28.604408001000003,0.7868657473058372,491.22343890518846,23.650832697976053
5.399999999999998,-75.95,-32.049842999000006,0.8215967335322184,477.18972259924317,23.62701927200127
5.399999999999998,-75.9,-27.226383433000002,0.8004820530277168,515.2330131374208,24.610957614308653
5.399999999999998,-75.85000000000001,-31.141308879999993,0.9,392.7045120094971,22.04200768326551
5.399999999999998,-75.80000000000001,-26.629326023000008,0.9,414.2142507600206,23.36390594258992
5.399999999999998,-75.75000000000001,-25.083536503020017,0.7390513380835376,515.2761967492597,21.37946648681308
5.399999999999998,-75.70000000000002,-30.955059267000003,0.9,477.9998395370858,22.648332704976877
5.399999999999998,-75.65000000000002,-31.831382142,0.8126187767044724,462.8858323326771,21.739713891264625
5.399999999999998,-75.60000000000002,-26.02494738199999,0.8688057479511948,469.31931487781355,22.19399192998543
5.399999999999998,-75.55000000000003,-14.672788220680001,0.7612432456908713,344.0725846435072,23.19031405087382
5.399999999999998,-75.50000000000003,-16.501134247520003,0.7145227788334437,484.9891408225895,20.36355863353305
5.399999999999998,-75.45000000000003,-17.85941972968,0.7644757635814422,377.2010111645669,26.184774551370914
5.399999999999998,-75.40000000000003,-18.584089353070002,0.7088654169084945,387.0179376022546,19.987965237000587
5.399999999999998,-75.35000000000004,-34.683049215000004,0.9,437.06243927023775,19.57162277442453
5.399999999999998,-75.30000000000004,-31.444983651999998,0.9,461.68758444903284,24.316221747000128
5.399999999999998,-75.25000000000004,-30.605748688,0.9,421.0077575474269,23.583325387925864
5.399999999999998,-75.20000000000005,-31.723894784999988,0.8136954402771355,441.1747683512441,23.2482396341043
5.399999999999998,-75.15000000000005,-38.57497163000001,0.9,432.07602313371115,23.256691018528553
5.399999999999998,-75.10000000000005,-16.825842861500004,0.6529152838218565,456.8571294031549,21.975506454306164
5.399999999999998,-75.05000000000005,-31.916202863000002,0.9,450.00641200076603,20.20549125702833
5.399999999999998,-75.00000000000006,-35.58400022300002,0.9,445.87698804189597,22.151609116387444
5.399999999999998,-74.95000000000006,-34.608984637,0.9,451.54343536172274,20.64567657697577
5.399999999999998,-74.90000000000006,-21.590416478600005,0.7875769700174862,459.6027155418718,23.950239466835495
5.399999999999998,-74.85000000000007,-31.394502499,0.9,447.76459239884485,21.705885236995716
5.399999999999998,-74.80000000000007,-29.533815921999995,0.8023912311153398,448.9910692800821,20.34900560641497
5.399999999999998,-74.75000000000007,-20.989334364199998,0.738719745586405,425.6197955370667,21.357228316694005
5.4499999999999975,-76.0,-25.274461035000012,0.7645948531983163,431.3558773503954,22.97586290855124
5.4499999999999975,-75.95,-28.127168457999996,0.7748580353237666,480.9090509853021,21.02255089439204
5.4499999999999975,-75.9,-29.347074785000014,0.8280758368949381,396.90319310464065,20.50555920886713
5.4499999999999975,-75.85000000000001,-18.44568144763,0.6217433989954628,385.4524962239061,22.637374422983815
5.4499999999999975,-75.80000000000001,-31.56316833200001,0.9,460.0887983012225,22.639933142217437
5.4499999999999975,-75.75000000000001,-25.176710118000003,0.7978603010664663,450.9756042644128,21.13611364925773
5.4499999999999975,-75.70000000000002,-34.46865144699999,0.9,487.34095716274845,21.207923388763344
5.4499999999999975,-75.65000000000002,-32.17932979000001,0.8540249598901317,443.0138106992882,22.614099874715265
5.4499999999999975,-75.60000000000002,-34.09525541000002,0.9,425.1605250014428,19.253831317005343
5.4499999999999975,-75.55000000000003,-28.867159871000002,0.9,407.7036266135052,19.33507245124688
5.4499999999999975,-75.50000000000003,-16.235670633999995,0.8057510932738864,350.05432029701427,20.713111557495118
5.4499999999999975,-75.45000000000003,-21.936866062400004,0.867480634775078,422.497866348266,21.723105696576297
5.4499999999999975,-75.40000000000003,-38.166997783,0.9,481.99138989107456,22.771815131196
5.4499999999999975,-75.35000000000004,-35.189715035000006,0.9,464.9948031673756,25.100712433899094
5.4499999999999975,-75.30000000000004,-31.66754758700001,0.8747853990231186,496.9286744422176,23.86531924640403
5.4499999999999975,-75.25000000000004,-28.101934435499984,0.8075298657032521,464.98728272772325,21.83012294007314
5.4499999999999975,-75.20000000000005,-19.574293440400005,0.7055379722620667,428.40601203666904,22.111967584194613
5.4499999999999975,-75.15000000000005,-31.928428248999975,0.8231788247325156,542.0058196275929,20.144941270724374
5.4499999999999975,-75.10000000000005,-24.54023615612001,0.737800182317514,519.0136278274739,22.112973728015213
5.4499999999999975,-75.05000000000005,-29.486324248000013,0.8702182894358786,412.9245196157799,21.572682722159715
5.4499999999999975,-75.00000000000006,-32.46654603600001,0.9,436.96523122071306,22.79543712067617
5.4499999999999975,-74.95000000000006,-34.011458186999995,0.896155260909182,499.122063574223,20.495538112895346
5.4499999999999975,-74.90000000000006,-34.821971004999995,0.9,534.2840507364467,23.188693028482337
5.4499999999999975,-74.85000000000007,-19.00127766202,0.6981319366565143,546.1868043093547,25.21547782600515
5.4499999999999975,-74.80000000000007,-12.430731623000003,0.8220890052470475,371.9407404875999,21.932479703086276
5.4499999999999975,-74.75000000000007,-28.97587285599999,0.7705673824250209,462.73192536345266,22.953423444197874
5.499999999999997,-76.0,-17.01389469419999,0.688881336165541,526.6525812067232,23.680287983422215
5.499999999999997,-75.95,-31.442783855000005,0.9,435.85924098571223,21.49755905622832
5.499999999999997,-75.9,-28.7776301448,0.7861536200330527,519.1345476837284,22.748184963620822
5.499999999999997,-75.85000000000001,-27.988187657999987,0.826936704835815,434.8305692803733,22.32518480156358
5.499999999999997,-75.80000000000001,-34.04071519600001,0.9,466.78386037812356,22.495352197097652
5.499999999999997,-75.75000000000001,-28.59587544800001,0.9,408.3545492273033,20.753980432289058
5.499999999999997,-75.70000000000002,-24.8935590201,0.7552460450458407,417.5798711546564,22.349020348517875
5.499999999999997,-75.65000000000002,-30.698220369999998,0.9,414.48768618163575,23.29599658249089
5.499999999999997,-75.60000000000002,-31.75477664,0.8408959510441745,453.7434254979683,25.202287215590072
5.499999999999997,-75.55000000000003,-21.308602771869996,0.7432037290790171,413.9321295449787,24.218541652170405
5.499999999999997,-75.50000000000003,-34.952295813999996,0.9,540.2629454795882,26.606364915023104
5.499999999999997,-75.45000000000003,-26.14999474659999,0.7541010275211133,408.11717574445413,20.76530487422389
5.499999999999997,-75.40000000000003,-33.35490170999999,0.8733429737259419,461.83402087716246,24.044641273441346
5.499999999999997,-75.35000000000004,-35.024339031000004,0.9,427.92701847866647,22.666684011476693
5.499999999999997,-75.30000000000004,-19.313627415999985,0.7058405100125317,524.3893302498909,26.679605866435335
5.499999999999997,-75.25000000000004,-33.911315590499996,0.8206854875999667,439.6648746629395,20.683403429289687
5.499999999999997,-75.20000000000005,-27.04329641299999,0.8358748536970437,463.82196702445106,20.62055631563844
5.499999999999997,-75.15000000000005,-27.996919964999996,0.7969977083158853,445.24411098456085,21.101214709111947
5.499999999999997,-75.10000000000005,-17.49781801360001,0.7364835816640145,477.2411698702483,18.052208551380375
5.499999999999997,-75.05000000000005,-29.91971461500001,0.9,423.73196953327954,21.24848995663847
5.499999999999997,-75.00000000000006,-17.66525736278,0.7328205329910595,332.4753795295202,20.781734676892594
5.499999999999997,-74.95000000000006,-18.083019210470002,0.5837100751793947,461.29269904559544,22.600787572952406
5.499999999999997,-74.90000000000006,-19.164636771690006,0.6775515942969201,448.86158085892725,22.98351195155431
5.499999999999997,-74.85000000000007,-31.79670978300001,0.8370107329004309,453.83995992361497,26.052341678431763
5.499999999999997,-74.80000000000007,-32.64184614900001,0.9,435.06580061239157,24.200847676372092
5.499999999999997,-74.75000000000007,-31.700404571,0.8775712602152921,432.2775755349477,21.146192688675185
5.549999999999997,-76.0,-17.5561613924,0.6271564480979599,431.81725458897506,20.653170657303274
5.549999999999997,-75.95,-36.075398551000006,0.8865905224653093,496.01811642151114,23.433838343013
5.549999999999997,-75.9,-28.755890731999997,0.856285301729853,406.38509142264,19.809533585958704
5.549999999999997,-75.85000000000001,-24.143914244600005,0.7714157140911658,503.21951813301337,26.112917531708696
5.549999999999997,-75.80000000000001,-14.061575708,0.8065571166032197,366.46570155300566,24.808880241442562
5.549999999999997,-75.75000000000001,-34.317833963000005,0.9,444.39895573631054,21.51164869579058
5.549999999999997,-75.70000000000002,-8.170313694000003,0.8159601827897756,335.8791415241618,19.023730941818233
5.549999999999997,-75.65000000000002,-21.823075508470012,0.7358689405485577,493.7407185673286,25.157744748330813
5.549999999999997,-75.60000000000002,-25.765829058800005,0.7424976788994493,565.367556141108,22.22092030949475
5.549999999999997,-75.55000000000003,-24.581446831199997,0.870926869870248,399.81848111515995,24.92563262394691
5.549999999999997,-75.50000000000003,-32.331113903,0.9,489.4488036077307,19.261144682411256
5.549999999999997,-75.45000000000003,-28.04890957,0.9,394.55564986611705,21.251249954092444
5.549999999999997,-75.40000000000003,-33.425250346999995,0.9,439.47178711867315,22.460487399436357
5.549999999999997,-75.35000000000004,-16.08213601,0.7638247816900938,477.97260068912385,22.543961187529472
5.549999999999997,-75.30000000000004,-23.801295476999993,0.762467089903118,392.63168862075185,21.5498690570415
5.549999999999997,-75.25000000000004,-31.385938014999997,0.9,445.8694622126058,23.695699864694987
5.549999999999997,-75.20000000000005,-18.00562811499999,0.9,373.3601970463627,20.3147591412348
5.549999999999997,-75.15000000000005,-28.71181567000001,0.809722731434593,492.5450176451333,22.1652410299574
5.549999999999997,-75.10000000000005,-17.959273045999993,0.8192470152850063,425.8986111752235,22.690591263423787
5.549999999999997,-75.05000000000005,-21.395363523220013,0.733416531235776,422.11318218814023,23.478877668117487
5.549999999999997,-75.00000000000006,-29.037607012000016,0.8213488681702261,427.1625939182172,23.873229756177768
5.549999999999997,-74.95000000000006,-20.525011118,0.9,380.503040157612,20.20071581632425
5.549999999999997,-74.90000000000006,-18.080704522900007,0.7273610609182832,410.7517632498613,19.381771658528745
5.549999999999997,-74.85000000000007,-16.550082937680006,0.7865248007094662,357.9850034663517,25.005353643797008
5.549999999999997,-74.80000000000007,-17.056263219900003,0.6788699805050438,539.8179485515393,23.11462802395917
5.549999999999997,-74.75000000000007,-28.801770080999987,0.8109720698922199,467.3705052466943,20.95302692688688
5.599999999999997,-76.0,-32.39023477100001,0.8384229352845668,463.1152305702661,25.702303951045035
5.599999999999997,-75.95,-12.239168963999997,0.9,360.70273110031366,22.831349268585708
5.599999999999997,-75.9,-14.907924205000002,0.7899528515399016,481.8417118597891,24.958594368127642
5.599999999999997,-75.85000000000001,-21.955261808520007,0.7319205567845528,456.3830748329636,22.73503696282021
5.599999999999997,-75.80000000000001,-30.166657792000013,0.9,411.810526004309,26.721495849763965
5.599999999999997,-75.75000000000001,-33.701129324,0.8770207692541873,457.5219825253923,26.1106816848864
5.599999999999997,-75.70000000000002,-29.859760179,0.8564335035154275,423.9162041891429,22.102071703041844
5.599999999999997,-75.65000000000002,-11.089632936999998,0.8858755645888153,317.2997398929374,24.5431419019087
5.599999999999997,-75.60000000000002,-29.197456101999986,0.7749180765598719,446.681116125557,23.890751899170287
5.599999999999997,-75.55000000000003,-34.228385116999995,0.8961287689359759,491.311957269432,25.337263115064687
5.599999999999997,-75.50000000000003,-17.762949672999994,0.8873820396783911,363.47823751934266,20.670153078839782
5.599999999999997,-75.45000000000003,-14.668634875000004,0.7593004443795578,429.29336472158906,23.97210291999687
5.599999999999997,-75.40000000000003,-35.08499157200001,0.9,453.6362843229694,24.716848973699165
5.599999999999997,-75.35000000000004,-18.820372338999988,0.9,375.2474871666463,19.082521027153764
5.599999999999997,-75.30000000000004,-17.376820958000007,0.7650992552719222,433.2574239049306,20.23348297466844
5.599999999999997,-75.25000000000004,-30.51041538200001,0.9,453.38251538483064,18.52153564447979
5.599999999999997,-75.20000000000005,-31.69395895800002,0.9,432.9353834427047,22.061186331110875
5.599999999999997,-75.15000000000005,-17.240070237900003,0.6698152484565432,434.2865379529092,24.035084511591915
5.599999999999997,-75.10000000000005,-29.650125800999998,0.9,401.9278683685026,25.60471410419205
5.599999999999997,-75.05000000000005,-28.586280443999996,0.8692594596370838,425.8797327128311,22.748189560839542
5.599999999999997,-75.00000000000006,-16.484030842659994,0.7226166803108934,427.91841858378586,25.857231091142573
5.599999999999997,-74.95000000000006,-23.875929530999986,0.841823244139016,515.3338590301195,19.839797083570208
5.599999999999997,-74.90000000000006,-29.007699578,0.7966258185896143,444.10056023742686,19.193235121289682
5.599999999999997,-74.85000000000007,-34.686496086000005,0.9,513.7611784722718,22.488904602206752
5.599999999999997,-74.80000000000007,-18.80353714400001,0.7442562595295394,516.8711832781668,23.368130897878604
5.599999999999997,-74.75000000000007,-9.272903728280003,0.7350160343905621,377.16156241666874,22.534610503811805
5.649999999999997,-76.0,-29.732388321000013,0.9,503.8392881343739,18.615115799920236
5.649999999999997,-75.95,-31.256813711000003,0.8761309048755804,434.9469842586427,22.57175992097441
5.649999999999997,-75.9,-27.656892487999997,0.8739523940915945,451.7943248290092,20.141060998990284
5.649999999999997,-75.85000000000001,-26.842246512000006,0.9,419.5721406913086,24.089345097660065
5.649999999999997,-75.80000000000001,-31.889125358000015,0.8598032826687619,441.4448491608935,23.483196492193684
5.649999999999997,-75.75000000000001,-9.259703938000001,0.8002770228606554,365.5306384516057,20.87024042734528
5.649999999999997,-75.70000000000002,-29.49372098899999,0.8899300322279192,479.10296718841,21.7222661653266
5.649999999999997,-75.65000000000002,-30.143758075000004,0.9,419.47235419059007,20.631572956222087
5.649999999999997,-75.60000000000002,-15.008555164000006,0.7780299172272523,451.3010065996043,22.624641805453646
5.649999999999997,-75.55000000000003,-29.862456955,0.9,413.630822109645,24.660284641002466
5.649999999999997,-75.50000000000003,-12.697389851999993,0.7901916089090152,417.01472558159037,20.778547907328903
5.649999999999997,-75.45000000000003,-32.26179015699999,0.8294744190605924,438.17979922086977,23.758093031035678
5.649999999999997,-75.40000000000003,-22.95232483439999,0.7980506825338209,416.9887897546959,21.68948476325511
5.649999999999997,-75.35000000000004,-14.177239630999996,0.9,362.94261506945384,21.164254335475302
5.649999999999997,-75.30000000000004,-30.807214087000016,0.9,442.78117109055796,22.535939280090872
5.649999999999997,-75.25000000000004,-34.868937996999996,0.9,478.58787016314034,20.679515355161243
5.649999999999997,-75.20000000000005,-29.64044547600001,0.9,412.6096964575891,21.642701389305625
5.649999999999997,-75.15000000000005,-32.267733239,0.9,522.5967334952659,20.35424421482229
5.649999999999997,-75.10000000000005,-34.77363475599999,0.9,477.6745444262072,26.679450265832767
5.649999999999997,-75.05000000000005,-34.059580141,0.8564889882920965,492.5395066484456,22.820527103943448
5.649999999999997,-75.00000000000006,-18.040108887000006,0.8160559050683873,451.1635452954409,21.350548984014818
5.649999999999997,-74.95000000000006,-18.367541999600004,0.6152063162814193,411.12876702539023,23.177959821468434
5.649999999999997,-74.90000000000006,-31.185656529999992,0.8649544629529192,462.3270902452056,22.52534390061833
5.649999999999997,-74.85000000000007,-28.958145527000006,0.8813656999899724,411.70748919053204,22.308060800933543
5.649999999999997,-74.80000000000007,-25.811171854999998,0.9,455.08686058029843,23.97833340008684
5.649999999999997,-74.75000000000007,-31.107139110000006,0.8350546334826319,487.49354072127824,24.2650154200946
5.699999999999997,-76.0,-32.000253227,0.9,399.9893171286061,21.838997704778933
5.699999999999997,-75.95,-30.404236303000015,0.9,493.9614704105664,21.74836351871063
5.699999999999997,-75.9,-22.716789795120008,0.7332179434411552,418.6757172606458,22.3498966056967
5.699999999999997,-75.85000000000001,-14.128360774999994,0.8992701399448112,362.0368583452208,18.296157670528817
5.699999999999997,-75.80000000000001,-21.767655608600002,0.8027540295723298,426.6412594531193,19.869617875602884
5.699999999999997,-75.75000000000001,-29.520367210000014,0.9,406.1033103864444,25.633748534889037
5.699999999999997,-75.70000000000002,-26.676732421,0.8475693862692009,410.39695360912077,26.189935427002556
5.699999999999997,-75.65000000000002,-18.824372656439998,0.7177421734946738,371.9173914401148,22.401927920887232
5.699999999999997,-75.60000000000002,-31.110247077999993,0.8640431202920262,553.663515711271,24.05311392611152
5.699999999999997,-75.55000000000003,-24.536971928000007,0.7909740372849611,485.49289995540465,23.52250030908706
5.699999999999997,-75.50000000000003,-21.82961840937,0.6957142851252105,508.3887185530155,29.05776161691046
5.699999999999997,-75.45000000000003,-13.2433856538,0.7527413932550847,477.6490366399929,25.139149822869143
5.699999999999997,-75.40000000000003,-29.34208721699999,0.8153019452634241,468.4182476338008,22.644164817038455
5.699999999999997,-75.35000000000004,-15.583751200000004,0.7723255139403867,488.89204021402924,20.988919118799135
5.699999999999997,-75.30000000000004,-34.13296023000001,0.9,435.2825836646177,19.68710735948484
5.699999999999997,-75.25000000000004,-20.223500161000008,0.7341644849932811,451.25081496535506,23.306927271734434
5.699999999999997,-75.20000000000005,-12.65320781568,0.7567548372695694,363.07097911463774,21.387298509431382
5.699999999999997,-75.15000000000005,-15.967863051649994,0.6811464220700933,386.4504087689209,20.05549258080464
5.699999999999997,-75.10000000000005,-33.101897671,0.8409211786708113,453.62344076736457,21.606854231514934
5.699999999999997,-75.05000000000005,-12.951640110000001,0.9,359.9483641628165,20.736903992771197
5.699999999999997,-75.00000000000006,-30.321724973000013,0.8751505189237401,505.363348756106,26.27428327014512
5.699999999999997,-74.95000000000006,-32.912551824000005,0.8720584900684506,450.4352656101268,24.66327951389889
5.699999999999997,-74.90000000000006,-28.245547139999996,0.9,424.1209702202109,22.88405471736675
5.699999999999997,-74.85000000000007,-31.396770609000004,0.9,538.5024862660666,25.85988827778004
5.699999999999997,-74.80000000000007,-26.443458054000004,0.8776494145098797,399.86699093222217,23.054736615295223
5.699999999999997,-74.75000000000007,-16.793370099240004,0.6558259575883574,431.7796004668922,21.17743159734346
5.7499999999999964,-76.0,-18.197482971000014,0.7432656412965946,442.11365933296685,26.096248154539303
5.7499999999999964,-75.95,-31.868531355000005,0.882918727843219,535.8857219574919,24.127820087369308
5.7499999999999964,-75.9,-22.543053090000004,0.8572903232413063,389.401365149404,20.975507691347076
5.7499999999999964,-75.85000000000001,-17.50909862407,0.6039863121850254,437.17255348687036,22.669322643832775
5.7499999999999964,-75.80000000000001,-27.514443652999997,0.9,406.0311951023897,21.298763493230474
5.7499999999999964,-75.75000000000001,-29.57988824300001,0.888914344083056,452.1199611489502,20.284400538071317
5.7499999999999964,-75.70000000000002,-15.334534103000008,0.7747550356315122,490.00714943900044,24.90235509506327
5.7499999999999964,-75.65000000000002,-26.619227344000006,0.9,397.0508284898567,26.86883328094025
5.7499999999999964,-75.60000000000002,-27.878816436999998,0.8211165092445031,405.5014594269015,20.252864852361707
5.7499999999999964,-75.55000000000003,-30.16167503,0.8628763483571938,464.79589409665283,24.17593847338113
5.7499999999999964,-75.50000000000003,-19.71926525824001,0.7278594606068517,462.042367520918,21.748714861756337
5.7499999999999964,-75.45000000000003,-27.825481522999997,0.9,418.8208997878521,22.0757492324706
5.7499999999999964,-75.40000000000003,-29.825211776000014,0.9,437.77094539166615,21.86521215152225
5.7499999999999964,-75.35000000000004,-32.83960349800001,0.8655230644353877,469.9332592268298,21.322018460640358
5.7499999999999964,-75.30000000000004,-35.35957468699999,0.9,492.5822217487646,23.147043255889646
5.7499999999999964,-75.25000000000004,-16.225461849,0.7472326702539247,318.6745544767819,21.388099767177913
5.7499999999999964,-75.20000000000005,-31.866794829000003,0.8397047834337698,434.6093793149385,23.590913651559667
5.7499999999999964,-75.15000000000005,-24.164356623,0.7541745585997583,412.7543052163012,22.949523781101718
5.7499999999999964,-75.10000000000005,-34.379505292000005,0.8703192925412873,448.4111321701122,22.57210390626717
5.7499999999999964,-75.05000000000005,-17.68091619300001,0.7664065257498099,464.4514122103102,21.234872675916794
5.7499999999999964,-75.00000000000006,-26.99442955999999,0.7998042983823893,396.0228363828486,21.896457338863325
5.7499999999999964,-74.95000000000006,-35.936357879,0.8951166975322473,436.8445313380085,24.5607824516515
5.7499999999999964,-74.90000000000006,-19.52421306772001,0.6260637533718172,443.8728020813454,24.051834375248752
5.7499999999999964,-74.85000000000007,-18.58469069447,0.6855565407070079,460.69538795979275,21.094889510402886
5.7499999999999964,-74.80000000000007,-26.696755144999987,0.7991064472787887,407.2106399534627,23.24866461085844
5.7499999999999964,-74.75000000000007,-29.593913732,0.8876947832250272,448.4803192554739,24.552774246743567
5.799999999999996,-76.0,-14.209175135999999,0.9,361.84249734346645,19.861189437757247
5.799999999999996,-75.95,-31.26581341799999,0.8166992068904542,449.658236357427,24.28672038475986
5.799999999999996,-75.9,-29.79747893600001,0.8240014056386995,439.77971134766716,21.874752482108295
5.799999999999996,-75.85000000000001,-10.235620616679999,0.7876066512521337,387.0288867013777,24.34119733718631
5.799999999999996,-75.80000000000001,-23.078312800400003,0.7788919235618614,484.4791012599163,21.673481686914954
5.799999999999996,-75.75000000000001,-33.041645965000015,0.8474107101784727,449.30798788305196,19.59023579867095
5.799999999999996,-75.70000000000002,-12.813832229679997,0.7444862477829132,372.15939737694083,19.944915124233663
5.799999999999996,-75.65000000000002,-34.881772788000006,0.9,457.81683091244275,23.29616989332275
5.799999999999996,-75.60000000000002,-29.66849662400001,0.824688729461684,455.1591507580819,23.719445003442953
5.799999999999996,-75.55000000000003,-15.448773392999994,0.8940059918894375,342.94888814988803,21.39136674979117
5.799999999999996,-75.50000000000003,-31.686298117000007,0.9,428.62371352625223,24.477184917554737
5.799999999999996,-75.45000000000003,-31.917955976000012,0.9,437.1194174199404,19.87695987546207
5.799999999999996,-75.40000000000003,-10.892608902999998,0.7964195751935731,368.8571609155334,23.067840402705354
5.799999999999996,-75.35000000000004,-26.944612913999993,0.8810576924086814,393.56603625385753,20.777967600475076
5.799999999999996,-75.30000000000004,-30.007722150000003,0.8888987264402124,466.01069223143276,21.89632778439567
5.799999999999996,-75.25000000000004,-37.360468096000005,0.8357831316427157,463.93929618486004,23.294797342632815
5.799999999999996,-75.20000000000005,-16.624484069,0.9,368.5363956409443,21.479173269432085
5.799999999999996,-75.15000000000005,-30.702036283000012,0.8275476721817092,488.9347667458014,22.43088891154034
5.799999999999996,-75.10000000000005,-25.442375043249996,0.8047673832713858,484.6310994754445,25.212585618428868
5.799999999999996,-75.05000000000005,-16.887612898000008,0.7688198488509728,462.15771555171426,22.046216260953692
5.799999999999996,-75.00000000000006,-31.22781692000002,0.8803377824384058,567.4704797697897,24.87138422413027
5.799999999999996,-74.95000000000006,-26.669748444999996,0.848319298329739,408.1549374370969,20.940586290684752
5.799999999999996,-74.90000000000006,-19.065490680000003,0.8154967649482023,502.07030731205964,24.259608355830554
5.799999999999996,-74.85000000000007,-20.531786464999993,0.9,388.8693803827425,26.08313724131579
5.799999999999996,-74.80000000000007,-29.810931314000012,0.9,437.476470316682,18.25671099974541
5.799999999999996,-74.75000000000007,-18.64435097459999,0.7231872427623806,550.0620424966337,21.606209489059037
5.849999999999996,-76.0,-31.571371712000005,0.9,490.87888473035713,24.504144254361066
5.849999999999996,-75.95,-26.845037841000003,0.9,414.5236517927219,22.943909227914002
5.849999999999996,-75.9,-8.283748263349999,0.8229952084502727,370.4313491234057,24.092291746742603
5.849999999999996,-75.85000000000001,-16.785942925969998,0.7259604597388396,415.03737242952457,22.142029626568345
5.849999999999996,-75.80000000000001,-32.149834661999996,0.8877794151376569,462.6315986649651,23.523179574945786
5.849999999999996,-75.75000000000001,-10.997265668999999,0.9,343.9229668957998,23.038645529215827
5.849999999999996,-75.70000000000002,-16.4859254558,0.7603364416084616,470.652383123008,25.6855641233196
5.849999999999996,-75.65000000000002,-28.29349636,0.9,420.48753249543614,23.858841686602414
5.849999999999996,-75.60000000000002,-27.467448253999997,0.9,404.8024094233353,24.02520532415039
5.849999999999996,-75.55000000000003,-16.174661082000004,0.8046678674789927,457.10511222066384,22.526246067755054
5.849999999999996,-75.50000000000003,-29.006561691000005,0.9,410.0778399892568,22.374787551855
5.849999999999996,-75.45000000000003,-26.51930421599999,0.8047997254879228,411.31236933418177,22.484883624360744
5.849999999999996,-75.40000000000003,-27.68046095,0.9,422.40764354759807,24.13890428475658
5.849999999999996,-75.35000000000004,-8.597510357340003,0.5965764511555341,377.6213557732507,22.508031038359462
5.849999999999996,-75.30000000000004,-21.141997222999997,0.800167175493939,465.9999315442988,23.929549713792813
5.849999999999996,-75.25000000000004,-22.650255905999998,0.9,384.49030913407245,27.500801597290863
5.849999999999996,-75.20000000000005,-24.938345041000016,0.7650051103595668,466.3443663346084,25.09224940686337
5.849999999999996,-75.15000000000005,-18.58595876600001,0.7654533645283839,470.1183745494314,22.697952935664304
5.849999999999996,-75.10000000000005,-32.084057791999996,0.8372333463416386,507.355504860353,25.752427844327876
5.849999999999996,-75.05000000000005,-22.87354384260001,0.796286817996338,460.9662143112506,22.533849253956884
5.849999999999996,-75.00000000000006,-16.3286798625,0.716786509971987,478.2320056830403,19.27375092964428
5.849999999999996,-74.95000000000006,-15.144733161880003,0.7318535609889483,369.58644431577727,21.33382737816518
5.849999999999996,-74.90000000000006,-17.35101304337,0.6761893925653085,403.4175927448864,19.608416157948277
5.849999999999996,-74.85000000000007,-15.161030813419995,0.7272221563809469,401.4296362175472,22.64697303191737
5.849999999999996,-74.80000000000007,-17.630240220410005,0.6990347549022161,354.9828100716275,23.38683675837909
5.849999999999996,-74.75000000000007,-35.655014453000014,0.8521433916115929,488.1866511901925,26.702874624550553
5.899999999999996,-76.0,-29.815462332000006,0.9,490.34504367391037,24.15385474752831
5.899999999999996,-75.95,-32.73450437500001,0.9,438.40727504878726,23.061798942382257
5.899999999999996,-75.9,-18.080696346199996,0.7329785187540566,516.248709434111,25.158811162366963
5.899999999999996,-75.85000000000001,-27.633182617000003,0.9,404.93688711251934,19.077729381984216
5.899999999999996,-75.80000000000001,-29.048391076999998,0.8987496050974451,430.4229187259276,23.971229116217117
5.899999999999996,-75.75000000000001,-32.988285917000006,0.838023194120956,483.5478719719302,25.04173038777392
5.899999999999996,-75.70000000000002,-21.127762752589998,0.6660735625186099,444.7088582474072,20.542827508440304
5.899999999999996,-75.65000000000002,-26.467183014999993,0.9,503.75417939459993,25.787508086413844
5.899999999999996,-75.60000000000002,-12.870711850000003,0.7802960872020762,418.0801662020359,24.176992814988814
5.899999999999996,-75.55000000000003,-19.69602384,0.8525533441618813,366.9768311389429,22.669424172198383
5.899999999999996,-75.50000000000003,-27.87243076,0.9,407.39596872549674,24.765563732212556
5.899999999999996,-75.45000000000003,-27.042718326,0.8904806248647322,420.8484773668916,28.041385715608776
5.899999999999996,-75.40000000000003,-29.44905835000001,0.9,463.0057770904366,23.863732510116975
5.899999999999996,-75.35000000000004,-24.214581987499997,0.8567073881141419,486.3776508160843,23.996441172600658
5.899999999999996,-75.30000000000004,-25.526195806600004,0.8006545441082523,489.0451030850718,22.5812782009195
5.899999999999996,-75.25000000000004,-21.790629269999997,0.8589629427964742,389.30173971378645,21.8003112610704
5.899999999999996,-75.20000000000005,-29.665913990000004,0.9,437.35006024944397,25.160671633088477
5.899999999999996,-75.15000000000005,-26.551572136999997,0.8375971658285479,398.2504036131946,21.787832348182253
5.899999999999996,-75.10000000000005,-30.284078130000015,0.9,461.29712933775886,23.643132474438772
5.899999999999996,-75.05000000000005,-16.874762966000002,0.7113293470412376,437.45593884661844,22.544685106469753
5.899999999999996,-75.00000000000006,-30.912259433000013,0.8923338053777736,468.0596193081547,24.45795965149277
5.899999999999996,-74.95000000000006,-26.610501869000004,0.8832574410016624,407.8256773236947,24.167324210573884
5.899999999999996,-74.90000000000006,-30.73028759000001,0.8701528434405885,404.4597201974784,25.575079888515784
5.899999999999996,-74.85000000000007,-26.404664349,0.9,421.6419065015126,22.479967202290492
5.899999999999996,-74.80000000000007,-18.352590866999986,0.9,384.3894783524724,22.960250129413243
5.899999999999996,-74.75000000000007,-31.69914488100001,0.9,512.2617862658647,21.54247256843537
5.949999999999996,-76.0,-24.930168034999994,0.8734523834651324,462.796872087067,22.76141347984776
5.949999999999996,-75.95,-21.13117739399999,0.8679062888968616,386.33222949758726,24.404600986089687
5.949999999999996,-75.9,-30.99341955000001,0.9,507.09377686292703,25.163977233290687
5.949999999999996,-75.85000000000001,-26.529014456000006,0.9,421.6690123618534,21.805669351644735
5.949999999999996,-75.80000000000001,-28.542815471000008,0.7926480171287081,460.84732630941704,25.389211840211306
5.949999999999996,-75.75000000000001,-16.6598931973,0.7139500039592832,512.899282177798,26.361275717609885
5.949999999999996,-75.70000000000002,-31.216995070000017,0.9,473.27724102414817,24.476869806447386
5.949999999999996,-75.65000000000002,-16.852390565400004,0.7343213200640786,445.65133195319186,27.403591625116118
5.949999999999996,-75.60000000000002,-18.43225273826999,0.5852834950604024,440.2379240053127,22.102421601792837
5.949999999999996,-75.55000000000003,-10.875617553,0.9,353.3920101597953,21.16069059337715
5.949999999999996,-75.50000000000003,-11.021038541569999,0.7281711328578981,355.7191399109231,20.092559502191428
5.949999999999996,-75.45000000000003,-17.947230713270002,0.7008625076198579,497.753002506684,26.64208862297835
5.949999999999996,-75.40000000000003,-31.388647267000007,0.9,453.74524599718694,24.9587313127081
5.949999999999996,-75.35000000000004,-29.037403274999992,0.9,395.9920773466056,23.538830658179073
5.949999999999996,-75.30000000000004,-24.46363432599999,0.8357478666002144,451.4590819113852,24.209937252639627
5.949999999999996,-75.25000000000004,-30.173627950000014,0.8258258401428529,450.49516516613494,21.39902190540323
5.949999999999996,-75.20000000000005,-30.166314801000013,0.8244038329548442,429.3516080137614,28.541503959233637
5.949999999999996,-75.15000000000005,-29.9664512,0.8676605986340222,494.68201759407407,23.90844236395044
5.949999999999996,-75.10000000000005,-17.683263597000003,0.7690124345226443,503.78410565825874,23.86878958920977
5.949999999999996,-75.05000000000005,-30.291489915000007,0.8591716897407061,484.8748334366169,25.10153324779737
5.949999999999996,-75.00000000000006,-27.971061101000004,0.8472862648690641,396.5424792902488,24.61201846347341
5.949999999999996,-74.95000000000006,-16.04262621307,0.5950086170793687,460.7733611770443,24.097768048558248
5.949999999999996,-74.90000000000006,-19.739468473730003,0.6334694206583031,484.66629416732917,22.06905108910936
5.949999999999996,-74.85000000000007,-14.007216792000001,0.7713929275361314,418.3653032603018,24.592936714271975
5.949999999999996,-74.80000000000007,-17.382396955,0.8177432895356139,431.6946813775841,27.41404899295005
5.949999999999996,-74.75000000000007,-26.80355664100001,0.9,415.20977521636166,26.34084009230994
5.999999999999996,-76.0,-32.574197237,0.9,424.25834903782817,26.98637325327878
5.999999999999996,-75.95,-16.541653583970003,0.6907936104772955,412.0116410958259,22.777568647137617
5.999999999999996,-75.9,-16.813178010100003,0.7883050759053107,461.38117800705015,21.820790359482825
5.999999999999996,-75.85000000000001,-31.712949338,0.8893368409623967,494.3417652125045,23.54842615980069
5.999999999999996,-75.80000000000001,-19.938164784999984,0.9,382.3136237643307,23.911449824577375
5.999999999999996,-75.75000000000001,-40.79931208799997,0.8964385536532801,488.634923202068,25.988383036941883
5.999999999999996,-75.70000000000002,-29.03495020600001,0.8213636000700482,451.01598509719463,20.415070740570346
5.999999999999996,-75.65000000000002,-31.646558353000014,0.9,500.8327659127657,26.859100638921213
5.999999999999996,-75.60000000000002,-29.863179186000004,0.8949696340812615,498.1599910117342,23.48398420284201
5.999999999999996,-75.55000000000003,-19.962301317999987,0.8947414861254771,383.03686507681374,22.946237860105146
5.999999999999996,-75.50000000000003,-20.027994323070004,0.606207828582285,378.68672386802047,21.775791249479653
5.999999999999996,-75.45000000000003,-13.803223584799994,0.7540114389892291,476.8327999955642,20.490286656268445
5.999999999999996,-75.40000000000003,-30.205026331000017,0.8923035188067625,504.6983796921973,25.446341167923816
5.999999999999996,-75.35000000000004,-10.084255362570001,0.697149703866458,361.48773963988174,23.946635934376793
5.999999999999996,-75.30000000000004,-22.187471634999998,0.9,388.20945989609083,21.22007820051788
5.999999999999996,-75.25000000000004,-14.987620307000004,0.7925525971248961,474.5608522871146,21.209842455872753
5.999999999999996,-75.20000000000005,-26.594353603999988,0.9,443.7188970470451,23.12843060141973
5.999999999999996,-75.15000000000005,-9.582523611389998,0.748882469309011,513.3650221816313,27.138043050578773
5.999999999999996,-75.10000000000005,-29.766303228000016,0.8395019958053638,447.4677146831352,23.280817297272776
5.999999999999996,-75.05000000000005,-26.300889608999995,0.8226922356543421,462.89426868898965,20.793714093763775
5.999999999999996,-75.00000000000006,-11.950450449,0.8091363817236387,388.72260818394943,23.308513871828097
5.999999999999996,-74.95000000000006,-15.526091039,0.7512210520987714,406.84224635044546,23.254552860504646
5.999999999999996,-74.90000000000006,-18.552377330999988,0.8670597333331533,379.2918961313901,18.406226714116844
5.999999999999996,-74.85000000000007,-29.770623882000013,0.8709595641691575,463.6710186049604,23.69141026696436
5.999999999999996,-74.80000000000007,-34.096283209,0.843234852047046,478.32115305397866,23.33813093958263
5.999999999999996,-74.75000000000007,-29.770623882000013,0.9,468.60663744323614,25.192412729626824
