latitud,longitud,fecha,temperatura_2m_C,punto_rocio_2m_C,precipitacion_total_mm,radiacion_solar_whm2,radiacion_solar_prom_4d,radiacion_solar_acum_4d,radiacion_solar_prom_7d,radiacion_solar_acum_7d,radiacion_solar_prom_14d,radiacion_solar_acum_14d,radiacion_solar_prom_21d,radiacion_solar_acum_21d,radiacion_solar_prom_28d,radiacion_solar_acum_28d,temperatura_2m_prom_4d,temperatura_2m_acum_4d,temperatura_2m_prom_7d,temperatura_2m_acum_7d,temperatura_2m_prom_14d,temperatura_2m_acum_14d,temperatura_2m_prom_21d,temperatura_2m_acum_21d,temperatura_2m_prom_28d,temperatura_2m_acum_28d,precipitacion_acum_1d,precipitacion_acum_2d,precipitacion_acum_3d,precipitacion_acum_4d,precipitacion_acum_5d
4.8,-75.75,2024-01-01,20.46676,18.535639,2.0413303,200.22234,200.2223358154297,200.2223358154297,200.2223358154297,200.2223358154297,200.2223358154297,200.2223358154297,200.2223358154297,200.2223358154297,200.2223358154297,200.2223358154297,20.466760635375977,20.466760635375977,20.466760635375977,20.466760635375977,20.466760635375977,20.466760635375977,20.466760635375977,20.466760635375977,20.466760635375977,20.466760635375977,2.041330337524414,2.041330337524414,2.041330337524414,2.041330337524414,2.041330337524414
4.8,-75.75,2024-01-02,20.67604,18.638596,0.72371835,210.27953,205.2509307861328,410.5018615722656,205.2509307861328,410.5018615722656,205.2509307861328,410.5018615722656,205.2509307861328,410.5018615722656,205.2509307861328,410.5018615722656,20.57140064239502,41.14280128479004,20.57140064239502,41.14280128479004,20.57140064239502,41.14280128479004,20.57140064239502,41.14280128479004,20.57140064239502,41.14280128479004,0.7237183451652527,2.7650486826896667,2.7650486826896667,2.7650486826896667,2.7650486826896667
4.8,-75.75,2024-01-03,20.709381,18.461853,2.1137042,234.83864,215.1134999593099,645.3404998779297,215.1134999593099,645.3404998779297,215.1134999593099,645.3404998779297,215.1134999593099,645.3404998779297,215.1134999593099,645.3404998779297,20.617394129435223,61.852182388305664,20.617394129435223,61.852182388305664,20.617394129435223,61.852182388305664,20.617394129435223,61.852182388305664,20.617394129435223,61.852182388305664,2.113704204559326,2.837422549724579,4.878752887248993,4.878752887248993,4.878752887248993
4.8,-75.75,2024-01-04,20.399511,17.801239,1.2091347,247.21,223.13762664794922,892.5505065917969,223.13762664794922,892.5505065917969,223.13762664794922,892.5505065917969,223.13762664794922,892.5505065917969,223.13762664794922,892.5505065917969,20.562923431396484,82.25169372558594,20.562923431396484,82.25169372558594,20.562923431396484,82.25169372558594,20.562923431396484,82.25169372558594,20.562923431396484,82.25169372558594,1.2091346979141235,3.3228389024734497,4.046557247638702,6.0878875851631165,6.0878875851631165
4.8,-75.75,2024-01-05,19.777765,17.25447,0.81173015,228.97157,230.32493591308594,921.2997436523438,224.30441589355468,1121.5220794677734,224.30441589355468,1121.5220794677734,224.30441589355468,1121.5220794677734,224.30441589355468,1121.5220794677734,20.390674591064453,81.56269836425781,20.405891799926756,102.02945899963379,20.405891799926756,102.02945899963379,20.405891799926756,102.02945899963379,20.405891799926756,102.02945899963379,0.811730146408081,2.0208648443222046,4.134569048881531,4.8582873940467834,6.8996177315711975
4.8,-75.75,2024-01-06,20.013891,17.3216,0.57885134,265.89404,244.22856521606445,976.9142608642578,231.23602040608725,1387.4161224365234,231.23602040608725,1387.4161224365234,231.23602040608725,1387.4161224365234,231.23602040608725,1387.4161224365234,20.22513723373413,80.90054893493652,20.340558369954426,122.04335021972656,20.340558369954426,122.04335021972656,20.340558369954426,122.04335021972656,20.340558369954426,122.04335021972656,0.5788513422012329,1.390581488609314,2.5997161865234375,4.713420391082764,5.437138736248016
4.8,-75.75,2024-01-07,20.529505,17.368872,0.5108834,263.3471,251.35568237304688,1005.4227294921875,235.8233184814453,1650.7632293701172,235.8233184814453,1650.7632293701172,235.8233184814453,1650.7632293701172,235.8233184814453,1650.7632293701172,20.18016815185547,80.72067260742188,20.367550713675364,142.57285499572754,20.367550713675364,142.57285499572754,20.367550713675364,142.57285499572754,20.367550713675364,142.57285499572754,0.5108833909034729,1.0897347331047058,1.9014648795127869,3.1105995774269104,5.224303781986237
4.8,-75.75,2024-01-08,20.444235,18.066065,1.3553029,246.34953,251.14056396484375,1004.562255859375,242.4129180908203,1696.8904266357422,237.13909530639648,1897.1127624511719,237.13909530639648,1897.1127624511719,237.13909530639648,1897.1127624511719,20.191349029541016,80.76539611816406,20.36433274405343,142.55032920837402,20.37713623046875,163.01708984375,20.37713623046875,163.01708984375,20.37713623046875,163.01708984375,1.3553029298782349,1.8661863207817078,2.4450376629829407,3.2567678093910217,4.465902507305145
4.8,-75.75,2024-01-09,19.946014,18.128134,1.5193197,229.20174,251.19810485839844,1004.7924194335938,245.11609104701452,1715.8126373291016,236.25716654459634,2126.314498901367,236.25716654459634,2126.314498901367,236.25716654459634,2126.314498901367,20.23341131210327,80.93364524841309,20.26004328046526,141.82030296325684,20.329233805338543,182.96310424804688,20.329233805338543,182.96310424804688,20.329233805338543,182.96310424804688,1.5193196535110474,2.8746225833892822,3.385505974292755,3.964357316493988,4.776087462902069
4.8,-75.75,2024-01-10,20.050226,18.670975,2.1635096,217.50084,239.09980392456055,956.3992156982422,242.63926260811942,1698.474838256836,234.38153381347655,2343.8153381347656,234.38153381347655,2343.8153381347656,234.38153381347655,2343.8153381347656,20.24249505996704,80.96998023986816,20.165878295898438,141.16114807128906,20.301333045959474,203.01333045959473,20.301333045959474,203.01333045959473,20.301333045959474,203.01333045959473,2.1635096073150635,3.682829260826111,5.038132190704346,5.549015581607819,6.1278669238090515
4.8,-75.75,2024-01-11,20.442398,18.688065,1.8443514,215.99188,227.2609977722168,909.0439910888672,238.17953055245536,1667.2567138671875,232.70974731445312,2559.8072204589844,232.70974731445312,2559.8072204589844,232.70974731445312,2559.8072204589844,20.220718383789062,80.88287353515625,20.17200497218541,141.20403480529785,20.314157139171254,223.4557285308838,20.314157139171254,223.4557285308838,20.314157139171254,223.4557285308838,1.8443514108657837,4.007861018180847,5.5271806716918945,6.882483601570129,7.393366992473602
4.8,-75.75,2024-01-12,20.044474,18.428396,2.184622,217.36592,220.01509475708008,880.0603790283203,236.5215802873884,1655.6510620117188,231.43109512329102,2777.173141479492,231.43109512329102,2777.173141479492,231.43109512329102,2777.173141479492,20.12077808380127,80.48311233520508,20.21010616847447,141.4707431793213,20.291683514912922,243.50020217895508,20.291683514912922,243.50020217895508,20.291683514912922,243.50020217895508,2.184622049331665,4.028973460197449,6.192483067512512,7.71180272102356,9.067105650901794
4.8,-75.75,2024-01-13,19.53034,18.328085,4.356684,180.29985,207.78962326049805,831.1584930419922,224.29383850097656,1570.056869506836,227.4979224571815,2957.4729919433594,227.4979224571815,2957.4729919433594,227.4979224571815,2957.4729919433594,20.016859531402588,80.06743812561035,20.141027450561523,140.98719215393066,20.23311864412748,263.0305423736572,20.23311864412748,263.0305423736572,20.23311864412748,263.0305423736572,4.35668420791626,6.541306257247925,8.385657668113708,10.549167275428772,12.06848692893982
4.8,-75.75,2024-01-14,19.726755,17.951895,0.70940584,256.767,217.60616302490234,870.4246520996094,223.35382298060827,1563.4767608642578,229.58857073102678,3214.239990234375,229.58857073102678,3214.239990234375,229.58857073102678,3214.239990234375,19.935991764068604,79.74396705627441,20.0263489314488,140.1844425201416,20.196949822562082,282.75729751586914,20.196949822562082,282.75729751586914,20.196949822562082,282.75729751586914,0.7094058394432068,5.0660900473594666,7.250712096691132,9.095063507556915,11.258573114871979
4.8,-75.75,2024-01-15,20.38865,17.963968,1.1429197,254.50078,227.2333869934082,908.9335479736328,224.5182865687779,1571.6280059814453,233.4656023297991,3268.5184326171875,231.24938456217447,3468.740768432617,231.24938456217447,3468.740768432617,19.922554969787598,79.69021987915039,20.018408366612025,140.12885856628418,20.19137055533273,282.6791877746582,20.20972989400228,303.1459484100342,20.20972989400228,303.1459484100342,1.142919659614563,1.8523254990577698,6.2090097069740295,8.393631756305695,10.237983167171478
4.8,-75.75,2024-01-16,20.895498,18.01119,1.2014544,240.04138,232.90225219726562,931.6090087890625,226.06680733816964,1582.4676513671875,235.59144919259208,3298.280288696289,231.79888439178467,3708.7821502685547,231.79888439178467,3708.7821502685547,20.135311126708984,80.54124450683594,20.154048919677734,141.07834243774414,20.207046100071498,282.898645401001,20.25259041786194,324.041446685791,20.25259041786194,324.041446685791,1.2014544010162354,2.3443740606307983,3.053779900074005,7.410464107990265,9.59508615732193
4.8,-75.75,2024-01-17,21.463053,18.54429,1.5089508,241.48326,248.19810485839844,992.7924194335938,229.49286760602678,1606.4500732421875,236.06606510707311,3304.9249114990234,232.368553610409,3950.265411376953,232.368553610409,3950.265411376953,20.618489265441895,82.47395706176758,20.35588128226144,142.49116897583008,20.26087978907994,283.65231704711914,20.323794084436752,345.5044994354248,20.323794084436752,345.5044994354248,1.5089508295059204,2.7104052305221558,3.8533248901367188,4.5627307295799255,8.919414937496185
4.8,-75.75,2024-01-18,21.2615,18.630545,0.8941099,227.53255,240.8894920349121,963.5579681396484,231.14153398786272,1617.990737915039,234.66053227015905,3285.2474517822266,232.09988657633463,4177.797958374023,232.09988657633463,4177.797958374023,21.002175331115723,84.00870132446289,20.472895758492605,143.31027030944824,20.322450365339005,284.5143051147461,20.37588882446289,366.76599884033203,20.37588882446289,366.76599884033203,0.8941099047660828,2.403060734272003,3.6045151352882385,4.7474347949028015,5.456840634346008
4.8,-75.75,2024-01-19,21.768488,18.793304,0.7438068,244.74933,238.45162963867188,953.8065185546875,235.05344935825892,1645.3741455078125,235.78751482282365,3301.0252075195312,232.76564668354234,4422.547286987305,232.76564668354234,4422.547286987305,21.347134590148926,85.3885383605957,20.7191835130964,145.0342845916748,20.464644840785436,286.5050277709961,20.44918351424368,388.5344867706299,20.44918351424368,388.5344867706299,0.743806779384613,1.6379166841506958,3.146867513656616,4.348321914672852,5.4912415742874146
4.8,-75.75,2024-01-20,20.560892,18.835073,1.2906945,130.52519,211.07258224487305,844.2903289794922,227.94278390066964,1595.5994873046875,226.11831120082311,3165.6563568115234,227.65362396240235,4553.072479248047,227.65362396240235,4553.072479248047,21.26348304748535,85.0539321899414,20.86640521458217,146.0648365020752,20.503716332571848,287.05202865600586,20.454768943786622,409.0953788757324,20.454768943786622,409.0953788757324,1.2906944751739502,2.0345012545585632,2.928611159324646,4.437561988830566,5.639016389846802
4.8,-75.75,2024-01-21,20.51185,19.350367,1.5278937,181.01744,195.95612716674805,783.8245086669922,217.12141854422433,1519.8499298095703,220.2376207624163,3083.326690673828,225.43285333542596,4734.089920043945,225.43285333542596,4734.089920043945,21.02568244934082,84.10272979736328,20.978561673845565,146.84993171691895,20.50245530264718,287.03437423706055,20.457487106323242,429.6072292327881,20.457487106323242,429.6072292327881,1.5278936624526978,2.818588137626648,3.562394917011261,4.456504821777344,5.965455651283264
4.8,-75.75,2024-01-22,21.159464,18.739954,2.412712,222.68349,194.7438621520996,778.9754486083984,212.57609122140067,1488.0326385498047,218.54718889508928,3059.66064453125,226.50243196033296,4756.551071166992,225.30788213556463,4956.773406982422,21.000173568725586,84.00069427490234,21.0886778150286,147.6207447052002,20.553543090820312,287.7496032714844,20.490472975231352,430.2999324798584,20.489395141601562,450.7666931152344,2.4127120971679688,3.9406057596206665,5.231300234794617,5.97510701417923,6.8692169189453125
4.8,-75.75,2024-01-23,21.19578,18.113901,0.74651974,214.17839,187.10112762451172,748.4045104980469,208.88137817382812,1462.1696472167969,217.4740927559989,3044.6372985839844,226.68809218633743,4760.449935913086,224.82399119501528,5170.951797485352,20.856996536254883,83.42798614501953,21.131575175694056,147.9210262298584,20.642812047685897,288.99936866760254,20.51522245861235,430.8196716308594,20.520107518071715,471.9624729156494,0.7465197443962097,3.1592318415641785,4.687125504016876,5.977819979190826,6.7216267585754395
4.8,-75.75,2024-01-24,20.590567,17.023087,0.18357004,245.6487,215.8820037841797,863.5280151367188,209.4764404296875,1466.3350830078125,219.48465401785714,3072.78515625,227.2028568812779,4771.259994506836,225.6916872660319,5416.600494384766,20.864415168762207,83.45766067504883,21.006934302193777,147.04854011535645,20.68140779222761,289.5397090911865,20.509564626784552,430.7008571624756,20.523043314615887,492.55303955078125,0.1835700422525406,0.9300897866487503,3.342801883816719,4.870695546269417,6.161390021443367
4.8,-75.75,2024-01-25,20.524546,17.459986,0.25343058,249.10356,232.90353393554688,931.6141357421875,212.55801391601562,1487.9060974121094,221.84977395193917,3105.8968353271484,227.29302615211122,4773.153549194336,226.62816223144532,5665.704055786133,20.867588996887207,83.47035598754883,20.901655197143555,146.31158638000488,20.68727547781808,289.6218566894531,20.51551864260719,430.825891494751,20.523103408813476,513.0775852203369,0.25343057513237,0.4370006173849106,1.1835203617811203,3.596232458949089,5.124126121401787
4.8,-75.75,2024-01-26,20.93895,18.376791,0.2037204,229.35008,234.57018280029297,938.2807312011719,210.35812159946985,1472.506851196289,222.70578547886439,3117.8809967041016,227.31105041503906,4773.53205871582,226.73285146859976,5895.054138183594,20.81246042251587,83.24984169006348,20.78314971923828,145.48204803466797,20.751166616167342,290.5163326263428,20.57081313360305,431.98707580566406,20.539097492511456,534.0165348052979,0.20372040569782257,0.45715098083019257,0.6407210230827332,1.3872407674789429,3.7999528646469116
4.8,-75.75,2024-01-27,21.3815,19.166681,0.5386662,233.12502,239.3068389892578,957.2273559570312,225.01523917061942,1575.106674194336,226.47901153564453,3170.7061614990234,225.75062052408853,4740.763031005859,226.96959827564382,6128.179153442383,20.858890533447266,83.43556213378906,20.90037945338658,146.30265617370605,20.883392333984375,292.36749267578125,20.635937372843426,433.3546848297119,20.570297594423646,555.3980350494385,0.5386661887168884,0.742386594414711,0.995817169547081,1.1793872117996216,1.9259069561958313
4.8,-75.75,2024-01-28,21.33223,19.213095,0.20609969,247.07939,239.66451263427734,958.6580505371094,234.4526606968471,1641.1686248779297,225.78703962053572,3161.0185546875,224.97596740722656,4724.495315551758,227.68780517578125,6375.258544921875,21.04430627822876,84.17722511291504,21.017576490129745,147.1230354309082,20.998069081987655,293.97296714782715,20.67416236514137,434.15740966796875,20.597509452274867,576.7302646636963,0.20609968900680542,0.7447658777236938,0.9484862834215164,1.2019168585538864,1.385486900806427
4.8,-75.75,2024-01-29,21.360693,18.886063,0.16703965,239.0531,237.15189743041992,948.6075897216797,236.79117693219865,1657.5382385253906,224.68363407679968,3145.5708770751953,224.6285182407924,4717.198883056641,229.0746182032994,6414.089309692383,21.253343105316162,85.01337242126465,21.04632350376674,147.3242645263672,21.06750065939767,294.9450092315674,20.717803228469123,435.07386779785156,20.6294356073652,577.6241970062256,0.1670396476984024,0.3731393367052078,0.9118055254220963,1.1155259311199188,1.3689565062522888
4.8,-75.75,2024-01-30,21.798187,19.721537,0.62353265,206.71655,231.49351501464844,925.9740600585938,235.72520010811942,1650.076400756836,222.30328914097376,3112.246047973633,223.55779520670572,4694.71369934082,228.94736916678292,6410.526336669922,21.46815252304077,85.87261009216309,21.132381711687362,147.92667198181152,21.13197844369071,295.8476982116699,20.806001935686385,436.92604064941406,20.669512271881104,578.7463436126709,0.6235326528549194,0.7905723005533218,0.9966719895601273,1.5353381782770157,1.7390585839748383
4.8,-75.75,2024-01-31,20.977255,18.77508,0.68275815,248.21764,235.26667022705078,941.0666809082031,236.0921914236886,1652.6453399658203,222.78431592668807,3118.980422973633,225.02049981980096,4725.43049621582,229.42519051688058,6423.905334472656,21.367091178894043,85.46836471557617,21.18762288774763,148.3133602142334,21.097278594970703,295.36190032958984,20.85014615740095,437.8530693054199,20.67907919202532,579.014217376709,0.6827581524848938,1.3062908053398132,1.4733304530382156,1.679430142045021,2.2180963307619095
4.8,-75.5,2024-01-01,15.46877,13.097321,1.7712692,228.76588,228.76588439941406,228.76588439941406,228.76588439941406,228.76588439941406,228.76588439941406,228.76588439941406,228.76588439941406,228.76588439941406,228.76588439941406,228.76588439941406,15.468770027160645,15.468770027160645,15.468770027160645,15.468770027160645,15.468770027160645,15.468770027160645,15.468770027160645,15.468770027160645,15.468770027160645,15.468770027160645,1.7712692022323608,1.7712692022323608,1.7712692022323608,1.7712692022323608,1.7712692022323608
4.8,-75.5,2024-01-02,15.7625885,12.766571,0.57693326,239.3373,234.0515899658203,468.1031799316406,234.0515899658203,468.1031799316406,234.0515899658203,468.1031799316406,234.0515899658203,468.1031799316406,234.0515899658203,468.1031799316406,15.615679264068604,31.231358528137207,15.615679264068604,31.231358528137207,15.615679264068604,31.231358528137207,15.615679264068604,31.231358528137207,15.615679264068604,31.231358528137207,0.5769332647323608,2.3482024669647217,2.3482024669647217,2.3482024669647217,2.3482024669647217
4.8,-75.5,2024-01-03,15.694118,12.758534,1.3419374,246.67845,238.2605438232422,714.7816314697266,238.2605438232422,714.7816314697266,238.2605438232422,714.7816314697266,238.2605438232422,714.7816314697266,238.2605438232422,714.7816314697266,15.641825358072916,46.92547607421875,15.641825358072916,46.92547607421875,15.641825358072916,46.92547607421875,15.641825358072916,46.92547607421875,15.641825358072916,46.92547607421875,1.3419374227523804,1.9188706874847412,3.690139889717102,3.690139889717102,3.690139889717102
4.8,-75.5,2024-01-04,15.064896,11.552485,0.6646734,271.59048,246.5930290222168,986.3721160888672,246.5930290222168,986.3721160888672,246.5930290222168,986.3721160888672,246.5930290222168,986.3721160888672,246.5930290222168,986.3721160888672,15.49759292602539,61.99037170410156,15.49759292602539,61.99037170410156,15.49759292602539,61.99037170410156,15.49759292602539,61.99037170410156,15.49759292602539,61.99037170410156,0.664673388004303,2.0066108107566833,2.583544075489044,4.354813277721405,4.354813277721405
4.8,-75.5,2024-01-05,14.465449,11.267288,0.5479285,254.21992,252.95653915405273,1011.8261566162109,248.118408203125,1240.592041015625,248.118408203125,1240.592041015625,248.118408203125,1240.592041015625,248.118408203125,1240.592041015625,15.246762752532959,60.987051010131836,15.291164207458497,76.45582103729248,15.291164207458497,76.45582103729248,15.291164207458497,76.45582103729248,15.291164207458497,76.45582103729248,0.547928512096405,1.212601900100708,2.5545393228530884,3.131472587585449,4.90274178981781
4.8,-75.5,2024-01-06,14.561615,11.400065,0.51756203,276.82706,262.3289794921875,1049.31591796875,252.90318298339844,1517.4190979003906,252.90318298339844,1517.4190979003906,252.90318298339844,1517.4190979003906,252.90318298339844,1517.4190979003906,14.946519374847412,59.78607749938965,15.169572671254477,91.01743602752686,15.169572671254477,91.01743602752686,15.169572671254477,91.01743602752686,15.169572671254477,91.01743602752686,0.5175620317459106,1.0654905438423157,1.7301639318466187,3.072101354598999,3.64903461933136
4.8,-75.5,2024-01-07,15.120692,11.491017,0.46204558,274.99234,269.4074516296387,1077.6298065185547,256.05877685546875,1792.4114379882812,256.05877685546875,1792.4114379882812,256.05877685546875,1792.4114379882812,256.05877685546875,1792.4114379882812,14.803163051605225,59.2126522064209,15.162589754377093,106.13812828063965,15.162589754377093,106.13812828063965,15.162589754377093,106.13812828063965,15.162589754377093,106.13812828063965,0.4620455801486969,0.9796076118946075,1.5275361239910126,2.1922095119953156,3.534146934747696
4.8,-75.5,2024-01-08,15.146785,11.800995,1.194029,266.37552,268.10371017456055,1072.4148406982422,261.43158176967074,1830.0210723876953,257.3483695983887,2058.7869567871094,257.3483695983887,2058.7869567871094,257.3483695983887,2058.7869567871094,14.823635339736938,59.294541358947754,15.11659186226981,105.81614303588867,15.160614132881165,121.28491306304932,15.160614132881165,121.28491306304932,15.160614132881165,121.28491306304932,1.1940289735794067,1.6560745537281036,2.1736365854740143,2.7215650975704193,3.3862384855747223
4.8,-75.5,2024-01-09,14.748962,11.658147,1.3127049,254.96301,268.2894821166992,1073.1579284667969,263.663827078683,1845.6467895507812,257.08332994249133,2313.749969482422,257.08332994249133,2313.749969482422,257.08332994249133,2313.749969482422,14.894513607025146,59.578054428100586,14.971788133893694,104.80251693725586,15.11487505171034,136.03387546539307,15.11487505171034,136.03387546539307,15.11487505171034,136.03387546539307,1.3127049207687378,2.5067338943481445,2.9687794744968414,3.486341506242752,4.034270018339157
4.8,-75.5,2024-01-10,14.907654,12.488774,1.8548318,240.04668,259.09438705444336,1036.3775482177734,262.7164306640625,1839.0150146484375,255.3796646118164,2553.796646118164,255.3796646118164,2553.796646118164,255.3796646118164,2553.796646118164,14.98102331161499,59.92409324645996,14.859436171395439,104.01605319976807,15.094152927398682,150.94152927398682,15.094152927398682,150.94152927398682,15.094152927398682,150.94152927398682,1.8548318147659302,3.167536735534668,4.361565709114075,4.823611289262772,5.341173321008682
4.8,-75.5,2024-01-11,15.172374,12.444255,1.3441353,237.25911,249.66107940673828,998.6443176269531,257.81194850376676,1804.6836395263672,253.73234141956675,2791.0557556152344,253.73234141956675,2791.0557556152344,253.73234141956675,2791.0557556152344,14.993943691253662,59.97577476501465,14.87479019165039,104.12353134155273,15.101263913241299,166.1139030456543,15.101263913241299,166.1139030456543,15.101263913241299,166.1139030456543,1.3441352844238281,3.1989670991897583,4.511672019958496,5.705700993537903,6.1677465736866
4.8,-75.5,2024-01-12,14.883774,12.237422,1.5925821,242.37724,243.6615104675293,974.6460418701172,256.1201368059431,1792.8409576416016,252.78608322143555,3033.4329986572266,252.78608322143555,3033.4329986572266,252.78608322143555,3033.4329986572266,14.92819094657898,59.71276378631592,14.934550830296107,104.54185581207275,15.083139737447103,180.99767684936523,15.083139737447103,180.99767684936523,15.083139737447103,180.99767684936523,1.592582106590271,2.936717391014099,4.791549205780029,6.104254126548767,7.298283100128174
4.8,-75.5,2024-01-13,14.507512,12.623611,3.0516205,213.86444,233.38686752319336,933.5474700927734,247.12547738211495,1729.8783416748047,249.7921107365535,3247.2974395751953,249.7921107365535,3247.2974395751953,249.7921107365535,3247.2974395751953,14.867828369140625,59.4713134765625,14.926821844918388,104.48775291442871,15.038860687842735,195.50518894195557,15.038860687842735,195.50518894195557,15.038860687842735,195.50518894195557,3.0516204833984375,4.6442025899887085,5.988337874412537,7.843169689178467,9.155874609947205
4.8,-75.5,2024-01-14,14.577495,12.423619,0.64672136,269.75003,240.81270599365234,963.2508239746094,246.37657601492745,1724.6360321044922,251.21767643519811,3517.0474700927734,251.21767643519811,3517.0474700927734,251.21767643519811,3517.0474700927734,14.785288572311401,59.141154289245605,14.849222183227539,103.94455528259277,15.005905968802315,210.08268356323242,15.005905968802315,210.08268356323242,15.005905968802315,210.08268356323242,0.646721363067627,3.6983418464660645,5.2909239530563354,6.635059237480164,8.489891052246094
4.8,-75.5,2024-01-15,15.123871,11.855861,1.0236306,267.452,248.3609275817871,993.4437103271484,246.53035845075334,1725.7125091552734,253.98097011021204,3555.7335815429688,252.29996439615886,3784.499465942383,252.29996439615886,3784.499465942383,14.773162841796875,59.0926513671875,14.845948764256068,103.92164134979248,14.98127031326294,209.73778438568115,15.013770294189452,225.2065544128418,15.013770294189452,225.2065544128418,1.0236306190490723,1.6703519821166992,4.721972465515137,6.314554572105408,7.658689856529236
4.8,-75.5,2024-01-16,15.61645,11.685597,1.076054,254.34692,251.3533477783203,1005.4133911132812,246.44234575544084,1725.096420288086,255.05308641706193,3570.743209838867,252.42789936065674,4038.846389770508,252.42789936065674,4038.846389770508,14.956331968307495,59.82532787322998,14.969875608171735,104.78912925720215,14.970831871032715,209.591646194458,15.051437795162201,240.82300472259521,15.051437795162201,240.82300472259521,1.0760539770126343,2.0996845960617065,2.7464059591293335,5.798026442527771,7.390608549118042
4.8,-75.5,2024-01-17,16.21287,12.028071,1.357906,257.05423,262.15079498291016,1048.6031799316406,248.8719961983817,1742.1039733886719,255.7942134312221,3581.1189880371094,252.7000364415786,4295.900619506836,252.7000364415786,4295.900619506836,15.382671356201172,61.53068542480469,15.156335013253349,106.09434509277344,15.007885592324394,210.1103982925415,15.11975731569178,257.03587436676025,15.11975731569178,257.03587436676025,1.3579059839248657,2.4339599609375,3.4575905799865723,4.104311943054199,7.155932426452637
4.8,-75.5,2024-01-18,16.07337,12.511337,0.80581397,238.73938,254.39813232421875,1017.592529296875,249.08346339634485,1743.584243774414,253.4477059500558,3548.2678833007812,251.924444410536,4534.639999389648,251.924444410536,4534.639999389648,15.756640195846558,63.02656078338623,15.285048757280622,106.99534130096436,15.079919474465507,211.1188726425171,15.17273579703437,273.10924434661865,15.17273579703437,273.10924434661865,0.8058139681816101,2.163719952106476,3.23977392911911,4.263404548168182,4.910125911235809
4.8,-75.5,2024-01-19,16.428223,12.89121,0.6573038,249.35687,249.87435150146484,999.4974060058594,250.08055332728796,1750.5638732910156,253.10034506661552,3543.404830932617,251.78930904990747,4783.996871948242,251.78930904990747,4783.996871948242,16.082728147506714,64.33091259002686,15.505684307643346,108.53979015350342,15.220117568969727,213.08164596557617,15.23881405278256,289.53746700286865,15.23881405278256,289.53746700286865,0.6573038101196289,1.463117778301239,2.8210237622261047,3.897077739238739,4.920708358287811
4.8,-75.5,2024-01-20,15.370773,12.994039,1.1092457,159.30052,226.11275100708008,904.4510040283203,242.28570774623327,1695.9999542236328,244.7055925641741,3425.8782958984375,247.1648696899414,4943.297393798828,247.1648696899414,4943.297393798828,16.02130889892578,64.08523559570312,15.629007339477539,109.40305137634277,15.277914592197963,213.89080429077148,15.245412015914917,304.90824031829834,15.245412015914917,304.90824031829834,1.1092456579208374,1.7665494680404663,2.5723634362220764,3.930269420146942,5.006323397159576
4.8,-75.5,2024-01-21,15.062068,13.963272,1.4348831,184.01454,207.8528289794922,831.4113159179688,230.03778076171875,1610.2644653320312,238.20717838832311,3334.9004974365234,244.15771121070497,5127.311935424805,244.15771121070497,5127.311935424805,15.733608484268188,62.934433937072754,15.698232105800084,109.88762474060059,15.273727144513812,213.83218002319336,15.236681347801571,319.970308303833,15.236681347801571,319.970308303833,1.4348831176757812,2.5441287755966187,3.2014325857162476,4.007246553897858,5.365152537822723
4.8,-75.5,2024-01-22,15.580007,12.967331,2.1603258,246.57977,209.81292724609375,839.251708984375,227.0560346330915,1589.3922424316406,236.79319654192244,3315.104751586914,245.00599161783853,5145.125823974609,244.26780492609197,5373.891708374023,15.610267639160156,62.441070556640625,15.763394355773926,110.34376049041748,15.304671560014997,214.26540184020996,15.241978327433268,320.08154487609863,15.25228704105724,335.5503149032593,2.160325765609741,3.5952088832855225,4.70445454120636,5.361758351325989,6.167572319507599
4.8,-75.5,2024-01-23,15.906911,11.250275,0.6409692,245.43317,208.83200073242188,835.3280029296875,225.7826407296317,1580.4784851074219,236.11249324253626,3305.574905395508,245.29627118791853,5151.221694946289,244.31847282077956,5619.32487487793,15.479939699172974,61.919758796691895,15.804888725280762,110.63422107696533,15.38738216672625,215.42335033416748,15.24885082244873,320.22586727142334,15.28074894780698,351.45722579956055,0.6409692168235779,2.801294982433319,4.2361781001091,5.345423758029938,6.002727568149567
4.8,-75.5,2024-01-24,15.201416,9.877248,0.16163595,270.61014,236.65940475463867,946.6376190185547,227.71919904436385,1594.0343933105469,238.29559762137276,3336.1383666992188,246.43587530226935,5175.153381347656,245.41395886739096,5889.935012817383,15.437600374221802,61.75040149688721,15.660395349775042,109.6227674484253,15.408365181514196,215.71711254119873,15.225388844807943,319.7331657409668,15.277443408966064,366.65864181518555,0.16163595020771027,0.8026051670312881,2.9629309326410294,4.397814050316811,5.507059708237648
4.8,-75.5,2024-01-25,15.267909,10.491786,0.22337586,273.84967,259.1181869506836,1036.4727478027344,232.73495483398438,1629.1446838378906,240.90920911516463,3372.7289276123047,246.543455578032,5177.412567138672,246.55138732910157,6163.784683227539,15.489060640335083,61.95624256134033,15.54532950265067,108.81730651855469,15.415189129965645,215.81264781951904,15.235056150527228,319.9361791610718,15.277062034606933,381.92655086517334,0.2233758568763733,0.38501180708408356,1.0259810239076614,3.1863067895174026,4.621189907193184
4.8,-75.5,2024-01-26,15.443776,11.57605,0.16400808,247.21022,259.2757987976074,1037.1031951904297,232.42829023088728,1626.998031616211,241.2544217790876,3377.5619049072266,246.20966012137276,5170.402862548828,246.57672706017127,6410.994903564453,15.455003023147583,61.82001209259033,15.404694284711566,107.83285999298096,15.455189296177455,216.37265014648438,15.281643140883673,320.91450595855713,15.283474115224985,397.3703269958496,0.16400808095932007,0.38738393783569336,0.5490198880434036,1.1899891048669815,3.3503148704767227
4.8,-75.5,2024-01-27,15.78155,13.274632,0.4922371,238.96484,257.65871810913086,1030.6348724365234,243.80890764508928,1706.662353515625,243.04730769566126,3402.662307739258,244.40669759114584,5132.5406494140625,246.29480545609087,6649.959747314453,15.423662900924683,61.69465160369873,15.463376726422991,108.24363708496094,15.546192032950264,217.6466884613037,15.339735303606306,322.1344413757324,15.3019213853059,413.1518774032593,0.4922370910644531,0.6562451720237732,0.8796210289001465,1.0412569791078568,1.6822261959314346
4.8,-75.5,2024-01-28,16.021051,13.002156,0.16372982,264.2594,256.0710334777832,1024.2841339111328,255.27245875767298,1786.907211303711,242.65511975969588,3397.171676635742,243.8956051781064,5121.807708740234,246.93639809744698,6914.219146728516,15.62857174873352,62.51428699493408,15.600374358040947,109.20262050628662,15.649303231920515,219.0902452468872,15.382609549022856,323.03480052948,15.327604600361415,429.17292881011963,0.16372981667518616,0.6559669077396393,0.8199749886989594,1.0433508455753326,1.204986795783043
4.8,-75.5,2024-01-29,15.953273,12.985611,0.11520784,252.98578,250.85506057739258,1003.4202423095703,256.1876024518694,1793.313217163086,241.62181854248047,3382.7054595947266,243.25799851190476,5108.41796875,247.80139432634627,6938.439041137695,15.799912691116333,63.19965076446533,15.653698103768486,109.5758867263794,15.708546229771205,219.91964721679688,15.42101374126616,323.84128856658936,15.344908271517072,429.657431602478,0.11520784348249435,0.2789376601576805,0.7711747512221336,0.9351828321814537,1.158558689057827
4.8,-75.5,2024-01-30,16.328573,14.072266,0.6280401,219.59381,243.95095825195312,975.8038330078125,252.4962659563337,1767.473861694336,239.1394533429827,3347.952346801758,241.5737508138021,5073.048767089844,247.09626988002233,6918.695556640625,16.021111965179443,64.08444786071777,15.713935579572405,109.99754905700684,15.759412152426583,220.63177013397217,15.496233304341635,325.4208993911743,15.36512201172965,430.2234163284302,0.628040075302124,0.7432479187846184,0.9069777354598045,1.3992148265242577,1.5632229074835777
4.8,-75.5,2024-01-31,15.69778,13.092259,0.603467,259.33585,249.04370880126953,996.1748352050781,250.88565281459265,1756.1995697021484,239.30242592947823,3350.2339630126953,242.4922826857794,5092.337936401367,247.54831968035018,6931.352951049805,16.000169277191162,64.00067710876465,15.784844670976911,110.49391269683838,15.722620010375977,220.11668014526367,15.533858344668435,326.2110252380371,15.365252801350184,430.2270784378052,0.6034669876098633,1.2315070629119873,1.3467149063944817,1.5104447230696678,2.002681814134121
5.05,-75.75,2024-01-01,20.264404,18.115183,1.9823064,212.64992,212.64991760253906,212.64991760253906,212.64991760253906,212.64991760253906,212.64991760253906,212.64991760253906,212.64991760253906,212.64991760253906,212.64991760253906,212.64991760253906,20.264404296875,20.264404296875,20.264404296875,20.264404296875,20.264404296875,20.264404296875,20.264404296875,20.264404296875,20.264404296875,20.264404296875,1.9823063611984253,1.9823063611984253,1.9823063611984253,1.9823063611984253,1.9823063611984253
5.05,-75.75,2024-01-02,20.377096,18.039572,0.7712442,206.95451,209.80221557617188,419.60443115234375,209.80221557617188,419.60443115234375,209.80221557617188,419.60443115234375,209.80221557617188,419.60443115234375,209.80221557617188,419.60443115234375,20.32075023651123,40.64150047302246,20.32075023651123,40.64150047302246,20.32075023651123,40.64150047302246,20.32075023651123,40.64150047302246,20.32075023651123,40.64150047302246,0.7712442278862,2.7535505890846252,2.7535505890846252,2.7535505890846252,2.7535505890846252
5.05,-75.75,2024-01-03,20.335135,17.811117,1.6671737,236.60059,218.7350056966146,656.2050170898438,218.7350056966146,656.2050170898438,218.7350056966146,656.2050170898438,218.7350056966146,656.2050170898438,218.7350056966146,656.2050170898438,20.325544993082683,60.97663497924805,20.325544993082683,60.97663497924805,20.325544993082683,60.97663497924805,20.325544993082683,60.97663497924805,20.325544993082683,60.97663497924805,1.6671737432479858,2.438417971134186,4.420724332332611,4.420724332332611,4.420724332332611
5.05,-75.75,2024-01-04,20.039408,17.187155,0.756767,255.65123,227.96406173706055,911.8562469482422,227.96406173706055,911.8562469482422,227.96406173706055,911.8562469482422,227.96406173706055,911.8562469482422,227.96406173706055,911.8562469482422,20.254010677337646,81.01604270935059,20.254010677337646,81.01604270935059,20.254010677337646,81.01604270935059,20.254010677337646,81.01604270935059,20.254010677337646,81.01604270935059,0.7567669749259949,2.4239407181739807,3.1951849460601807,5.177491307258606,5.177491307258606
5.05,-75.75,2024-01-05,19.260666,16.55304,0.728563,239.32721,234.63338470458984,938.5335388183594,230.2366912841797,1151.1834564208984,230.2366912841797,1151.1834564208984,230.2366912841797,1151.1834564208984,230.2366912841797,1151.1834564208984,20.00307607650757,80.01230430603027,20.055341720581055,100.27670860290527,20.055341720581055,100.27670860290527,20.055341720581055,100.27670860290527,20.055341720581055,100.27670860290527,0.7285630106925964,1.4853299856185913,3.152503728866577,3.923747956752777,5.906054317951202
5.05,-75.75,2024-01-06,19.361456,16.880701,0.66624886,261.6467,248.3064308166504,993.2257232666016,235.47169240315756,1412.8301544189453,235.47169240315756,1412.8301544189453,235.47169240315756,1412.8301544189453,235.47169240315756,1412.8301544189453,19.749166011810303,78.99666404724121,19.939694086710613,119.63816452026367,19.939694086710613,119.63816452026367,19.939694086710613,119.63816452026367,19.939694086710613,119.63816452026367,0.6662488579750061,1.3948118686676025,2.1515788435935974,3.8187525868415833,4.589996814727783
5.05,-75.75,2024-01-07,19.804377,16.915552,0.5974946,265.4732,255.52458572387695,1022.0983428955078,239.75762285505022,1678.3033599853516,239.75762285505022,1678.3033599853516,239.75762285505022,1678.3033599853516,239.75762285505022,1678.3033599853516,19.61647653579712,78.46590614318848,19.92036301749093,139.44254112243652,19.92036301749093,139.44254112243652,19.92036301749093,139.44254112243652,19.92036301749093,139.44254112243652,0.5974946022033691,1.2637434601783752,1.9923064708709717,2.7490734457969666,4.416247189044952
5.05,-75.75,2024-01-08,19.817389,17.677134,1.5490452,241.513,251.99002838134766,1007.9601135253906,243.88092041015625,1707.1664428710938,239.9770450592041,1919.8163604736328,239.9770450592041,1919.8163604736328,239.9770450592041,1919.8163604736328,19.56097173690796,78.24388694763184,19.856503622872488,138.99552536010742,19.907491207122803,159.25992965698242,19.907491207122803,159.25992965698242,19.907491207122803,159.25992965698242,1.549045205116272,2.146539807319641,2.812788665294647,3.5413516759872437,4.2981186509132385
5.05,-75.75,2024-01-09,19.004583,17.52536,1.6968089,210.75404,244.84673690795898,979.3869476318359,244.4237104143415,1710.9659729003906,236.73004489474826,2130.5704040527344,236.73004489474826,2130.5704040527344,236.73004489474826,2130.5704040527344,19.49695110321045,77.9878044128418,19.660430363246373,137.6230125427246,19.807168112860786,178.26451301574707,19.807168112860786,178.26451301574707,19.807168112860786,178.26451301574707,1.696808934211731,3.245854139328003,3.843348741531372,4.509597599506378,5.238160610198975
5.05,-75.75,2024-01-10,19.503372,17.959259,2.3738916,224.028,235.4420623779297,941.7682495117188,242.62762669154577,1698.3933868408203,235.4598403930664,2354.598403930664,235.4598403930664,2354.598403930664,235.4598403930664,2354.598403930664,19.532430171966553,78.12972068786621,19.54160717555455,136.79125022888184,19.77678852081299,197.76788520812988,19.77678852081299,197.76788520812988,19.77678852081299,197.76788520812988,2.373891592025757,4.070700526237488,5.61974573135376,6.217240333557129,6.883489191532135
5.05,-75.75,2024-01-11,20.137903,18.281397,1.6954536,218.40428,223.67483139038086,894.6993255615234,237.30663408551897,1661.1464385986328,233.9093350497159,2573.002685546875,233.9093350497159,2573.002685546875,233.9093350497159,2573.002685546875,19.615811824798584,78.46324729919434,19.55567795889718,136.88974571228027,19.809617129239168,217.90578842163086,19.809617129239168,217.90578842163086,19.809617129239168,217.90578842163086,1.6954536437988281,4.069345235824585,5.766154170036316,7.315199375152588,7.912693977355957
5.05,-75.75,2024-01-12,19.676498,17.899134,2.0079825,223.87091,219.26430892944336,877.0572357177734,235.09859139578683,1645.6901397705078,233.0727996826172,2796.8735961914062,233.0727996826172,2796.8735961914062,233.0727996826172,2796.8735961914062,19.580589294433594,78.32235717773438,19.615082604544504,137.30557823181152,19.798523902893066,237.5822868347168,19.798523902893066,237.5822868347168,19.798523902893066,237.5822868347168,2.0079824924468994,3.7034361362457275,6.077327728271484,7.774136662483215,9.323181867599487
5.05,-75.75,2024-01-13,19.289276,18.034128,4.216063,200.87886,216.79551315307617,867.1820526123047,226.41747174944197,1584.9223022460938,230.59634282038763,2997.752456665039,230.59634282038763,2997.752456665039,230.59634282038763,2997.752456665039,19.65176248550415,78.6070499420166,19.604771205357142,137.2333984375,19.759350996751053,256.8715629577637,19.759350996751053,256.8715629577637,19.759350996751053,256.8715629577637,4.216063022613525,6.224045515060425,7.919499158859253,10.29339075088501,11.99019968509674
5.05,-75.75,2024-01-14,19.207169,17.576792,0.8230924,256.8737,225.0069351196289,900.0277404785156,225.188969203404,1576.3227844238281,232.47329602922713,3254.6261444091797,232.47329602922713,3254.6261444091797,232.47329602922713,3254.6261444091797,19.577711582183838,78.31084632873535,19.519455773489817,136.6361904144287,19.719909395490372,276.07873153686523,19.719909395490372,276.07873153686523,19.719909395490372,276.07873153686523,0.8230924010276794,5.039155423641205,7.047137916088104,8.742591559886932,11.11648315191269
5.05,-75.75,2024-01-15,19.715647,17.52828,1.3332486,249.88441,232.87696838378906,931.5078735351562,226.38488551548548,1584.6941986083984,235.13290296282088,3291.860641479492,233.63403727213543,3504.5105590820312,233.63403727213543,3504.5105590820312,19.472147464752197,77.88858985900879,19.504921231951034,136.53444862365723,19.68071242741176,275.52997398376465,19.71962521870931,295.79437828063965,19.71962521870931,295.79437828063965,1.3332486152648926,2.156341016292572,6.372404038906097,8.380386531352997,10.075840175151825
5.05,-75.75,2024-01-16,20.231033,17.647684,1.4029008,227.91235,233.8873291015625,935.54931640625,228.83607264927454,1601.8525085449219,236.62989153180803,3312.8184814453125,233.27643203735352,3732.4229125976562,233.27643203735352,3732.4229125976562,19.61078119277954,78.44312477111816,19.680128370012557,137.7608985900879,19.670279366629465,275.3839111328125,19.751588225364685,316.02541160583496,19.751588225364685,316.02541160583496,1.4029008150100708,2.7361494302749634,3.559241831302643,7.775304853916168,9.783287346363068
5.05,-75.75,2024-01-17,20.846634,18.22634,1.7706766,240.64555,243.8290023803711,975.3160095214844,231.2100088936942,1618.4700622558594,236.91881779262,3316.8634490966797,233.70990977567786,3973.0684661865234,233.70990977567786,3973.0684661865234,20.000120639801025,80.0004825592041,19.872022901262557,139.1041603088379,19.706815038408553,275.8954105377197,19.816002677468692,336.8720455169678,19.816002677468692,336.8720455169678,1.770676612854004,3.1735774278640747,4.506826043128967,5.329918444156647,9.545981466770172
5.05,-75.75,2024-01-18,20.413092,17.955256,1.0040555,214.3794,233.20542907714844,932.8217163085938,230.63502502441406,1614.4451751708984,233.9708295549665,3275.5916137695312,232.6359922620985,4187.447860717773,232.6359922620985,4187.447860717773,20.30160140991211,81.20640563964844,19.91133553641183,139.3793487548828,19.733506747654506,276.2690944671631,19.84917428758409,357.2851371765137,19.84917428758409,357.2851371765137,1.0040555000305176,2.7747321128845215,4.177632927894592,5.510881543159485,6.333973944187164
5.05,-75.75,2024-01-19,21.242544,18.375864,0.82436293,240.95683,230.9735336303711,923.8941345214844,233.07587105887276,1631.5310974121094,234.0872312273298,3277.221237182617,233.07393124229029,4428.404693603516,233.07393124229029,4428.404693603516,20.68332576751709,82.73330307006836,20.135056359427317,140.9453945159912,19.87506948198591,278.25097274780273,19.922509544774105,378.527681350708,19.922509544774105,378.527681350708,0.8243629336357117,1.8284184336662292,3.599095046520233,5.001995861530304,6.3352444767951965
5.05,-75.75,2024-01-20,19.670242,18.236893,1.6396424,115.102295,202.7710189819336,811.0840759277344,220.82207598005022,1545.7545318603516,223.6197738647461,3130.6768341064453,227.17534942626952,4543.506988525391,227.17534942626952,4543.506988525391,20.54312801361084,82.17251205444336,20.189480100359237,141.32636070251465,19.89712565285819,278.55975914001465,19.909896183013917,398.1979236602783,19.909896183013917,398.1979236602783,1.639642357826233,2.4640052914619446,3.468060791492462,5.238737404346466,6.641638219356537
5.05,-75.75,2024-01-21,19.710932,18.830587,1.9308268,177.77281,187.0528335571289,748.2113342285156,209.5219508579799,1466.6536560058594,217.35546003069197,3042.9764404296875,224.8228476388114,4721.279800415039,224.8228476388114,4721.279800415039,20.259202480316162,81.03680992126465,20.261446271623885,141.8301239013672,19.89045102255685,278.4663143157959,19.900421687534877,417.9088554382324,19.900421687534877,417.9088554382324,1.9308267831802368,3.5704691410064697,4.394832074642181,5.398887574672699,7.169564187526703
5.05,-75.75,2024-01-22,20.345057,18.22457,2.8214924,236.9143,192.68656158447266,770.7462463378906,207.66907828194755,1453.6835479736328,217.0269818987165,3038.3777465820312,225.9782947358631,4745.544189453125,225.3724594116211,4958.194107055664,20.242193698883057,80.96877479553223,20.351361955915177,142.45953369140625,19.928141593933105,278.9939823150635,19.90426227024623,417.9895076751709,19.920632362365723,438.2539119720459,2.8214924335479736,4.7523192167282104,6.391961574554443,7.216324508190155,8.220380008220673
5.05,-75.75,2024-01-23,20.451166,18.027445,0.9655397,220.30464,187.5235137939453,750.0940551757812,206.58226231166296,1446.0758361816406,217.70916748046875,3047.9283447265625,226.614015125093,4758.894317626953,225.15211951214334,5178.498748779297,20.044349193572998,80.17739677429199,20.382809502737864,142.67966651916504,20.03146893637521,280.44056510925293,19.90778941199893,418.06357765197754,19.943699048913043,458.705078125,0.9655396938323975,3.787032127380371,5.717858910560608,7.357501268386841,8.181864202022552
5.05,-75.75,2024-01-24,19.82464,17.001944,0.20714547,257.9351,223.2317123413086,892.9268493652344,209.0521959577288,1463.3653717041016,220.1311024257115,3081.835433959961,227.62994384765625,4780.228820800781,226.51807657877603,5436.433837890625,20.082948684692383,80.33179473876953,20.236810411725724,141.65767288208008,20.05441665649414,280.76183319091797,19.88348016284761,417.5530834197998,19.938738266626995,478.52971839904785,0.20714546740055084,1.1726851612329483,3.994177594780922,5.925004377961159,7.564646735787392
5.05,-75.75,2024-01-25,19.899332,17.35169,0.301405,260.0815,243.80888748168945,975.2355499267578,215.58106994628906,1509.0674896240234,223.10804748535156,3123.512664794922,227.84090968540735,4784.659103393555,227.86061401367186,5696.515350341797,20.130048751831055,80.52019500732422,20.163416181291854,141.14391326904297,20.037375858851842,280.5232620239258,19.87680989220029,417.41300773620605,19.937162017822267,498.42905044555664,0.30140501260757446,0.5085504800081253,1.4740901738405228,4.295582607388496,6.226409390568733
5.05,-75.75,2024-01-26,20.210215,18.056738,0.22850507,227.28651,241.40193939208984,965.6077575683594,213.62816728864397,1495.3971710205078,223.35201917375838,3126.928268432617,227.26754324776786,4772.618408203125,227.83853325477014,5923.801864624023,20.096338272094727,80.3853530883789,20.015940529959543,140.1115837097168,20.07549844469343,281.056978225708,19.92202649797712,418.36255645751953,19.94766404078557,518.6392650604248,0.22850507497787476,0.5299100875854492,0.7370555549860001,1.7025952488183975,4.524087682366371
5.05,-75.75,2024-01-27,20.879496,18.924902,0.60532534,230.79185,244.02374267578125,976.094970703125,230.1552472795759,1611.0867309570312,225.48866162981307,3156.841262817383,225.7982650030227,4741.763565063477,227.947915536386,6154.593719482422,20.203420639038086,80.81368255615234,20.188691002982004,141.32083702087402,20.18908555167062,282.6471977233887,19.99431410289946,419.8805961608887,19.98217632152416,539.5187606811523,0.6053253412246704,0.8338304162025452,1.1352354288101196,1.3423808962106705,2.307920590043068
5.05,-75.75,2024-01-28,20.629715,18.62406,0.2168927,249.51605,241.91898345947266,967.6759338378906,240.40428161621094,1682.8299713134766,224.96311623709542,3149.483627319336,225.0384005591983,4725.806411743164,228.71820613316126,6404.109771728516,20.4046893119812,81.6187572479248,20.31994574410575,142.23962020874023,20.290696007864817,284.0697441101074,20.033615929739817,420.70593452453613,20.005302701677596,560.1484756469727,0.21689270436763763,0.822218045592308,1.0507231205701828,1.3521281331777573,1.559273600578308
5.05,-75.75,2024-01-29,20.863348,18.559427,0.14680631,236.22835,235.95569229125977,943.8227691650391,240.30628749302454,1682.1440124511719,223.98768288748605,3135.8275604248047,224.78675043015252,4720.521759033203,229.56029292515345,6427.688201904297,20.64569330215454,82.58277320861816,20.39398738316127,142.7579116821289,20.372674669538224,285.21744537353516,20.083423523675826,421.7518939971924,20.02669354847499,560.7474193572998,0.14680631458759308,0.3636990189552307,0.9690243601799011,1.1975294351577759,1.4989344477653503
5.05,-75.75,2024-01-30,21.137177,19.232904,0.6910712,205.87457,230.6027069091797,922.4108276367188,238.2448490687779,1667.7139434814453,222.41355569022042,3113.789779663086,224.5543946765718,4715.642288208008,229.52172361101424,6426.608261108398,20.87743377685547,83.50973510742188,20.49198886326381,143.44392204284668,20.43739918300084,286.1235885620117,20.18497557867141,423.8844871520996,20.05383927481515,561.5074996948242,0.6910712122917175,0.8378775268793106,1.0547702312469482,1.6600955724716187,1.8886006474494934
5.05,-75.75,2024-01-31,20.455286,18.329203,0.7046452,255.1598,236.69469451904297,946.7787780761719,237.84837995256697,1664.9386596679688,223.45028795514787,3128.3040313720703,226.03686160132997,4746.77409362793,230.18455287388392,6445.16748046875,20.771381378173828,83.08552551269531,20.58208111354283,144.0745677947998,20.409445762634277,285.7322406768799,20.230304808843705,424.8364009857178,20.058130400521414,561.6276512145996,0.7046452164649963,1.3957164287567139,1.542522743344307,1.7594154477119446,2.364740788936615
5.05,-75.5,2024-01-01,16.495066,13.933391,1.5588063,231.2835,231.2834930419922,231.2834930419922,231.2834930419922,231.2834930419922,231.2834930419922,231.2834930419922,231.2834930419922,231.2834930419922,231.2834930419922,231.2834930419922,16.495065689086914,16.495065689086914,16.495065689086914,16.495065689086914,16.495065689086914,16.495065689086914,16.495065689086914,16.495065689086914,16.495065689086914,16.495065689086914,1.558806300163269,1.558806300163269,1.558806300163269,1.558806300163269,1.558806300163269
5.05,-75.5,2024-01-02,16.989954,13.708781,0.5164774,233.21944,232.25146484375,464.5029296875,232.25146484375,464.5029296875,232.25146484375,464.5029296875,232.25146484375,464.5029296875,232.25146484375,464.5029296875,16.742509841918945,33.48501968383789,16.742509841918945,33.48501968383789,16.742509841918945,33.48501968383789,16.742509841918945,33.48501968383789,16.742509841918945,33.48501968383789,0.5164774060249329,2.075283706188202,2.075283706188202,2.075283706188202,2.075283706188202
5.05,-75.5,2024-01-03,16.874487,13.54005,1.1235656,247.8363,237.4464111328125,712.3392333984375,237.4464111328125,712.3392333984375,237.4464111328125,712.3392333984375,237.4464111328125,712.3392333984375,237.4464111328125,712.3392333984375,16.786502202351887,50.359506607055664,16.786502202351887,50.359506607055664,16.786502202351887,50.359506607055664,16.786502202351887,50.359506607055664,16.786502202351887,50.359506607055664,1.1235655546188354,1.6400429606437683,3.1988492608070374,3.1988492608070374,3.1988492608070374
5.05,-75.5,2024-01-04,16.010199,12.174153,0.5037914,267.64758,244.9967041015625,979.98681640625,244.9967041015625,979.98681640625,244.9967041015625,979.98681640625,244.9967041015625,979.98681640625,244.9967041015625,979.98681640625,16.592426300048828,66.36970520019531,16.592426300048828,66.36970520019531,16.592426300048828,66.36970520019531,16.592426300048828,66.36970520019531,16.592426300048828,66.36970520019531,0.5037913918495178,1.6273569464683533,2.143834352493286,3.702640652656555,3.702640652656555
5.05,-75.5,2024-01-05,15.36324,11.836884,0.47879338,253.21007,250.4783477783203,1001.9133911132812,246.63937683105468,1233.1968841552734,246.63937683105468,1233.1968841552734,246.63937683105468,1233.1968841552734,246.63937683105468,1233.1968841552734,16.3094699382782,65.2378797531128,16.34658908843994,81.7329454421997,16.34658908843994,81.7329454421997,16.34658908843994,81.7329454421997,16.34658908843994,81.7329454421997,0.4787933826446533,0.9825847744941711,2.1061503291130066,2.6226277351379395,4.1814340353012085
5.05,-75.5,2024-01-06,15.463155,11.65094,0.44931662,277.0842,261.4445381164551,1045.7781524658203,251.71351369222006,1510.2810821533203,251.71351369222006,1510.2810821533203,251.71351369222006,1510.2810821533203,251.71351369222006,1510.2810821533203,15.927770137786865,63.71108055114746,16.199350039164226,97.19610023498535,16.199350039164226,97.19610023498535,16.199350039164226,97.19610023498535,16.199350039164226,97.19610023498535,0.4493166208267212,0.9281100034713745,1.4319013953208923,2.555466949939728,3.0719443559646606
5.05,-75.5,2024-01-07,15.851796,11.483871,0.40764078,277.4534,268.8488121032715,1075.395248413086,255.39064025878906,1787.7344818115234,255.39064025878906,1787.7344818115234,255.39064025878906,1787.7344818115234,255.39064025878906,1787.7344818115234,15.672097444534302,62.68838977813721,16.149699483598983,113.04789638519287,16.149699483598983,113.04789638519287,16.149699483598983,113.04789638519287,16.149699483598983,113.04789638519287,0.4076407849788666,0.8569574058055878,1.335750788450241,1.839542180299759,2.9631077349185944
5.05,-75.5,2024-01-08,16.031286,11.9327545,1.0352345,269.43915,269.29670333862305,1077.1868133544922,260.84144810267856,1825.89013671875,257.1467037200928,2057.173629760742,257.1467037200928,2057.173629760742,257.1467037200928,2057.173629760742,15.677369356155396,62.70947742462158,16.083445276532853,112.58411693572998,16.134897828102112,129.0791826248169,16.134897828102112,129.0791826248169,16.134897828102112,129.0791826248169,1.0352344512939453,1.442875236272812,1.892191857099533,2.3709852397441864,2.8747766315937042
5.05,-75.5,2024-01-09,15.416646,11.577983,1.1269493,252.78502,269.1904411315918,1076.7617645263672,263.6365312848772,1845.4557189941406,256.66207207573785,2309.9586486816406,256.66207207573785,2309.9586486816406,256.66207207573785,2309.9586486816406,15.690720796585083,62.76288318634033,15.858686992100306,111.01080894470215,16.055092069837784,144.49582862854004,16.055092069837784,144.49582862854004,16.055092069837784,144.49582862854004,1.1269493103027344,2.1621837615966797,2.5698245465755463,3.0191411674022675,3.4979345500469208
5.05,-75.5,2024-01-10,15.661052,12.486491,1.5897838,245.21991,261.22436904907227,1044.897476196289,263.2627607073103,1842.8393249511719,255.51785583496093,2555.1785583496094,255.51785583496093,2555.1785583496094,255.51785583496093,2555.1785583496094,15.740195035934448,62.96078014373779,15.685339110238212,109.79737377166748,16.015688037872316,160.15688037872314,16.015688037872316,160.15688037872314,16.015688037872316,160.15688037872314,1.589783787727356,2.7167330980300903,3.7519675493240356,4.159608334302902,4.608924955129623
5.05,-75.5,2024-01-11,16.07313,13.118861,1.1276528,241.48926,252.23333358764648,1008.9333343505859,259.5258571079799,1816.6809997558594,254.24252874200994,2796.6678161621094,254.24252874200994,2796.6678161621094,254.24252874200994,2796.6678161621094,15.795528411865234,63.18211364746094,15.694329261779785,109.8603048324585,16.020910002968527,176.2300100326538,16.020910002968527,176.2300100326538,16.020910002968527,176.2300100326538,1.1276527643203735,2.7174365520477295,3.844385862350464,4.879620313644409,5.287261098623276
5.05,-75.5,2024-01-12,15.568379,12.881206,1.3473177,243.36247,245.71416473388672,982.8566589355469,258.11905779157365,1806.8334045410156,253.33585739135742,3040.030288696289,253.33585739135742,3040.030288696289,253.33585739135742,3040.030288696289,15.67980170249939,62.71920680999756,15.723634856087822,110.06544399261475,15.983199119567871,191.79838943481445,15.983199119567871,191.79838943481445,15.983199119567871,191.79838943481445,1.3473176956176758,2.4749704599380493,4.064754247665405,5.19170355796814,6.226938009262085
5.05,-75.5,2024-01-13,15.383504,13.532191,2.7762146,217.21283,236.82111740112305,947.2844696044922,249.56600516183036,1746.9620361328125,250.55716294508713,3257.243118286133,250.55716294508713,3257.243118286133,250.55716294508713,3257.243118286133,15.671516180038452,62.68606472015381,15.712256159101214,109.9857931137085,15.937068719130297,207.18189334869385,15.937068719130297,207.18189334869385,15.937068719130297,207.18189334869385,2.776214599609375,4.123532295227051,5.251185059547424,6.84096884727478,7.967918157577515
5.05,-75.5,2024-01-14,15.501134,12.80421,0.55441487,274.44876,244.1283302307129,976.5133209228516,249.13677106584822,1743.9573974609375,252.26370566231864,3531.691879272461,252.26370566231864,3531.691879272461,252.26370566231864,3531.691879272461,15.631536722183228,62.52614688873291,15.662161554609026,109.63513088226318,15.905930519104004,222.68302726745605,15.905930519104004,222.68302726745605,15.905930519104004,222.68302726745605,0.5544148683547974,3.3306294679641724,4.677947163581848,5.805599927902222,7.395383715629578
5.05,-75.5,2024-01-15,15.988103,11.801814,0.8953591,273.52896,252.13825607299805,1008.5530242919922,249.72103009905135,1748.0472106933594,255.28123910086495,3573.9373474121094,253.68138936360677,3805.2208404541016,253.68138936360677,3805.2208404541016,15.61028003692627,62.44112014770508,15.65599250793457,109.59194755554199,15.869718892233712,222.17606449127197,15.911408678690593,238.6711301803589,15.911408678690593,238.6711301803589,0.8953590989112854,1.4497739672660828,4.225988566875458,5.5733062624931335,6.700959026813507
5.05,-75.5,2024-01-16,16.46222,11.7691145,0.935771,254.70284,254.97334671020508,1019.8933868408203,249.99500383649553,1749.9650268554688,256.81576756068637,3595.4207458496094,253.74522972106934,4059.9236755371094,253.74522972106934,4059.9236755371094,15.833739995956421,63.334959983825684,15.805360112871442,110.6375207901001,15.832023552485875,221.64832973480225,15.945834338665009,255.13334941864014,15.945834338665009,255.13334941864014,0.9357709884643555,1.8311300873756409,2.3855449557304382,5.161759555339813,6.509077250957489
5.05,-75.5,2024-01-17,16.929672,12.392568,1.1837603,257.75076,265.1078300476074,1060.4313201904297,251.78512573242188,1762.4958801269531,257.52394321986606,3605.335205078125,253.98084932215073,4317.6744384765625,253.98084932215073,4317.6744384765625,16.220282077789307,64.88112831115723,15.986591611589704,111.90614128112793,15.835965360913958,221.7035150527954,16.00370715646183,272.0630216598511,16.00370715646183,272.0630216598511,1.1837602853775024,2.119531273841858,3.0148903727531433,3.5693052411079407,6.345519840717316
5.05,-75.5,2024-01-18,16.854635,12.717427,0.70711046,238.99835,256.2452278137207,1024.9809112548828,251.42928205217635,1760.0049743652344,255.47756958007812,3576.6859741210938,253.14848836263022,4556.672790527344,253.14848836263022,4556.672790527344,16.55865740776062,66.23462963104248,16.098235266549246,112.68764686584473,15.896282264164515,222.54795169830322,16.050980938805473,288.91765689849854,16.050980938805473,288.91765689849854,0.7071104645729065,1.890870749950409,2.8266417384147644,3.72200083732605,4.276415705680847
5.05,-75.5,2024-01-19,17.24855,12.953435,0.5559084,249.45146,250.2258529663086,1000.9034118652344,252.29913766043526,1766.0939636230469,255.20909772600447,3572.9273681640625,252.95390801680716,4806.124252319336,252.95390801680716,4806.124252319336,16.873769283294678,67.49507713317871,16.33825969696045,114.36781787872314,16.030947276524135,224.4332618713379,16.11401091123882,306.1662073135376,16.11401091123882,306.1662073135376,0.5559083819389343,1.2630188465118408,2.4467791318893433,3.3825501203536987,4.277909219264984
5.05,-75.5,2024-01-20,16.062408,12.952769,0.9385865,153.58238,224.94573974609375,899.782958984375,243.20907374790735,1702.4635162353516,246.38753945486886,3449.425552368164,247.9853317260742,4959.706634521484,247.9853317260742,4959.706634521484,16.77381658554077,67.09526634216309,16.435246058872767,115.04672241210938,16.07375110898699,225.03251552581787,16.11143078804016,322.2286157608032,16.11143078804016,322.2286157608032,0.9385864734649658,1.4944948554039001,2.2016053199768066,3.385365605354309,4.3211365938186646
5.05,-75.5,2024-01-21,16.129618,14.340276,1.244986,182.59973,206.1579818725586,824.6319274902344,230.08778381347656,1610.614486694336,239.6122774396624,3354.5718841552734,244.87173171270462,5142.306365966797,244.87173171270462,5142.306365966797,16.573802947998047,66.29521179199219,16.52502945491246,115.6752061843872,16.093595504760742,225.3103370666504,16.112296831040155,338.35823345184326,16.112296831040155,338.35823345184326,1.2449860572814941,2.18357253074646,2.7394809126853943,3.446591377258301,4.630351662635803
5.05,-75.5,2024-01-22,16.673386,13.303864,1.8850857,249.85645,208.87250518798828,835.4900207519531,226.70599583217077,1586.9419708251953,238.21351296561105,3334.9891815185547,245.75615801130022,5160.879318237305,245.0983096036044,5392.162811279297,16.52849054336548,66.11396217346191,16.62292698451451,116.36048889160156,16.13945974622454,225.95243644714355,16.120788256327312,338.53655338287354,16.137800866907295,355.03161907196045,1.8850857019424438,3.130071759223938,4.068658232688904,4.624566614627838,5.331677079200745
5.05,-75.5,2024-01-23,16.835932,11.65595,0.55662286,247.59483,208.4083480834961,833.6333923339844,225.69056701660156,1579.833969116211,237.84278542654855,3329.7989959716797,246.4407007126581,5175.25471496582,245.20685411536175,5639.75764465332,16.42533588409424,65.70134353637695,16.676314490182058,116.73420143127441,16.24083730152675,227.3717222213745,16.11345386505127,338.38253116607666,16.168154384778894,371.86755084991455,0.5566228628158569,2.441708564758301,3.686694622039795,4.625281095504761,5.181189477443695
5.05,-75.5,2024-01-24,16.074839,10.109711,0.14384954,277.66232,239.4283332824707,957.7133331298828,228.53507559640067,1599.7455291748047,240.16010066441126,3362.241409301758,247.8609873453776,5205.08073425293,246.55916531880698,5917.419967651367,16.428443431854248,65.71377372741699,16.554195404052734,115.87936782836914,16.27039350782122,227.78550910949707,16.07537537529355,337.58288288116455,16.164266228675842,387.9423894882202,0.14384953677654266,0.7004723995923996,2.5855581015348434,3.8305441588163376,4.769130632281303
5.05,-75.5,2024-01-25,16.262787,10.128423,0.19341804,281.93146,264.2612648010254,1057.0450592041016,234.66837637765067,1642.6786346435547,243.0488292149135,3402.683609008789,248.54117184593565,5219.364608764648,247.97405700683595,6199.351425170898,16.461735725402832,65.84694290161133,16.469645636422293,115.28751945495605,16.28394045148577,227.97516632080078,16.087403388250443,337.8354711532593,16.168207054138183,404.2051763534546,0.19341804087162018,0.33726757764816284,0.8938904404640198,2.7789761424064636,4.023962199687958
5.05,-75.5,2024-01-26,16.337042,11.515956,0.14044063,249.95384,264.2856140136719,1057.1424560546875,234.74014500209265,1643.1810150146484,243.51964133126395,3409.2749786376953,248.38611348470053,5216.108383178711,248.05020258976862,6449.305267333984,16.377649784088135,65.51059913635254,16.339430127825057,114.37601089477539,16.33884491239275,228.74382877349854,16.13377489362444,338.8092727661133,16.17470070031973,420.542218208313,0.14044062793254852,0.3338586688041687,0.47770820558071136,1.0343310683965683,2.919416770339012
5.05,-75.5,2024-01-27,16.882929,13.540706,0.40824798,245.72026,263.8169708251953,1055.2678833007812,247.90269906180245,1735.3188934326172,245.5558864048549,3437.7824096679688,246.89259265718005,5184.744445800781,247.9639084427445,6695.025527954102,16.38939905166626,65.55759620666504,16.456647327968053,115.19653129577637,16.44594669342041,230.24325370788574,16.201383181980678,340.22904682159424,16.20093137246591,437.4251470565796,0.4082479774951935,0.548688605427742,0.7421066462993622,0.8859561830759048,1.4425790458917618
5.05,-75.5,2024-01-28,16.891916,13.314484,0.14417608,268.97394,261.6448745727539,1046.5794982910156,260.24187142508373,1821.693099975586,245.16482761928015,3432.307586669922,246.48880876813615,5176.264984130859,248.7142666407994,6963.999465942383,16.593668460845947,66.37467384338379,16.565547125680105,115.95882987976074,16.54528829029628,231.63403606414795,16.250912711733864,341.26916694641113,16.225609404700144,454.317063331604,0.14417608082294464,0.5524240583181381,0.6928646862506866,0.8862827271223068,1.0301322638988495
5.05,-75.5,2024-01-29,17.086105,12.83846,0.0920856,256.3032,255.23780822753906,1020.9512329101562,261.16283525739397,1828.1398468017578,243.93441554478235,3415.081817626953,245.86328706287202,5163.1290283203125,249.60782732282365,6989.0191650390625,16.799498081207275,67.1979923248291,16.624507086617605,116.37154960632324,16.623717035566056,232.7320384979248,16.30114219302223,342.3239860534668,16.246717963899886,454.9081029891968,0.09208559989929199,0.23626168072223663,0.6445096582174301,0.7849502861499786,0.9783683270215988
5.05,-75.5,2024-01-30,17.161657,14.128062,0.4656049,222.28304,248.32010650634766,993.2804260253906,257.546864100865,1802.8280487060547,241.61871555873327,3382.6620178222656,244.41081165132067,5132.627044677734,249.21724155970983,6978.082763671875,17.00565195083618,68.02260780334473,16.67103930882045,116.69727516174316,16.673676899501256,233.43147659301758,16.38423797062465,344.0689973831177,16.252850225993566,455.0798063278198,0.46560490131378174,0.5576905012130737,0.7018665820360184,1.1101145595312119,1.2505551874637604
5.05,-75.5,2024-01-31,16.736841,13.293254,0.54520816,261.63046,252.29765701293945,1009.1906280517578,255.25659833635603,1786.7961883544922,241.89583696637834,3386.541717529297,245.19226655505952,5149.03759765625,249.7098900931222,6991.876922607422,16.969130039215088,67.87652015686035,16.76561110360282,117.35927772521973,16.659903253827775,233.23864555358887,16.43546603974842,345.1447868347168,16.247934307370866,454.9421606063843,0.5452081561088562,1.010813057422638,1.10289865732193,1.2470747381448746,1.655322715640068
5.3,-75.75,2024-01-01,20.697266,17.766226,0.51307476,221.50267,221.50267028808594,221.50267028808594,221.50267028808594,221.50267028808594,221.50267028808594,221.50267028808594,221.50267028808594,221.50267028808594,221.50267028808594,221.50267028808594,20.697265625,20.697265625,20.697265625,20.697265625,20.697265625,20.697265625,20.697265625,20.697265625,20.697265625,20.697265625,0.5130747556686401,0.5130747556686401,0.5130747556686401,0.5130747556686401,0.5130747556686401
5.3,-75.75,2024-01-02,20.924215,18.210443,0.17418957,204.97148,213.23707580566406,426.4741516113281,213.23707580566406,426.4741516113281,213.23707580566406,426.4741516113281,213.23707580566406,426.4741516113281,213.23707580566406,426.4741516113281,20.81074047088623,41.62148094177246,20.81074047088623,41.62148094177246,20.81074047088623,41.62148094177246,20.81074047088623,41.62148094177246,20.81074047088623,41.62148094177246,0.17418956756591797,0.6872643232345581,0.6872643232345581,0.6872643232345581,0.6872643232345581
5.3,-75.75,2024-01-03,20.509607,17.393335,0.31337485,237.40175,221.2919667561849,663.8759002685547,221.2919667561849,663.8759002685547,221.2919667561849,663.8759002685547,221.2919667561849,663.8759002685547,221.2919667561849,663.8759002685547,20.710362752278645,62.13108825683594,20.710362752278645,62.13108825683594,20.710362752278645,62.13108825683594,20.710362752278645,62.13108825683594,20.710362752278645,62.13108825683594,0.3133748471736908,0.48756441473960876,1.000639170408249,1.000639170408249,1.000639170408249
5.3,-75.75,2024-01-04,20.397776,17.086432,0.057602663,257.8923,230.4420509338379,921.7682037353516,230.4420509338379,921.7682037353516,230.4420509338379,921.7682037353516,230.4420509338379,921.7682037353516,230.4420509338379,921.7682037353516,20.632215976715088,82.52886390686035,20.632215976715088,82.52886390686035,20.632215976715088,82.52886390686035,20.632215976715088,82.52886390686035,20.632215976715088,82.52886390686035,0.0576026625931263,0.3709775097668171,0.5451670773327351,1.0582418330013752,1.0582418330013752
5.3,-75.75,2024-01-05,19.789606,16.519745,0.2707843,244.8598,236.28133392333984,945.1253356933594,233.32560119628906,1166.6280059814453,233.32560119628906,1166.6280059814453,233.32560119628906,1166.6280059814453,233.32560119628906,1166.6280059814453,20.405301094055176,81.6212043762207,20.46369400024414,102.3184700012207,20.46369400024414,102.3184700012207,20.46369400024414,102.3184700012207,20.46369400024414,102.3184700012207,0.27078428864479065,0.32838695123791695,0.6417617984116077,0.8159513659775257,1.3290261216461658
5.3,-75.75,2024-01-06,19.916214,16.536036,0.016331302,261.92728,250.52028274536133,1002.0811309814453,238.09254709879556,1428.5552825927734,238.09254709879556,1428.5552825927734,238.09254709879556,1428.5552825927734,238.09254709879556,1428.5552825927734,20.153300762176514,80.61320304870605,20.372447331746418,122.23468399047852,20.372447331746418,122.23468399047852,20.372447331746418,122.23468399047852,20.372447331746418,122.23468399047852,0.016331302002072334,0.287115590646863,0.3447182532399893,0.6580931004136801,0.832282667979598
5.3,-75.75,2024-01-07,20.2465,16.258417,0.010019857,269.61414,258.57337951660156,1034.2935180664062,242.5956311907087,1698.169418334961,242.5956311907087,1698.169418334961,242.5956311907087,1698.169418334961,242.5956311907087,1698.169418334961,20.087523937225342,80.35009574890137,20.354454857962473,142.4811840057373,20.354454857962473,142.4811840057373,20.354454857962473,142.4811840057373,20.354454857962473,142.4811840057373,0.010019857436418533,0.026351159438490868,0.2971354480832815,0.3547381106764078,0.6681129578500986
5.3,-75.75,2024-01-08,20.619833,17.042578,0.026891038,245.925,255.5815544128418,1022.3262176513672,246.08453587123327,1722.5917510986328,243.01180267333984,1944.0944213867188,243.01180267333984,1944.0944213867188,243.01180267333984,1944.0944213867188,20.143038272857666,80.57215309143066,20.343393053327286,142.40375137329102,20.387627124786377,163.10101699829102,20.387627124786377,163.10101699829102,20.387627124786377,163.10101699829102,0.026891037821769714,0.03691089525818825,0.05324219726026058,0.32402648590505123,0.38162914849817753
5.3,-75.75,2024-01-09,19.366562,16.82222,0.08552889,209.94783,246.8535614013672,987.4142456054688,246.79544285365515,1727.568099975586,239.33802795410156,2154.042251586914,239.33802795410156,2154.042251586914,239.33802795410156,2154.042251586914,20.037277221679688,80.14910888671875,20.120871135166713,140.846097946167,20.27417543199327,182.46757888793945,20.27417543199327,182.46757888793945,20.27417543199327,182.46757888793945,0.0855288878083229,0.11241992563009262,0.12243978306651115,0.1387710850685835,0.40955537371337414
5.3,-75.75,2024-01-10,20.1008,17.65574,0.06928145,232.11229,239.3998146057129,957.5992584228516,246.03980582101005,1722.2786407470703,238.6154541015625,2386.154541015625,238.6154541015625,2386.154541015625,238.6154541015625,2386.154541015625,20.083423614501953,80.33369445800781,20.062470027378627,140.4372901916504,20.256837844848633,202.56837844848633,20.256837844848633,202.56837844848633,20.256837844848633,202.56837844848633,0.0692814514040947,0.1548103392124176,0.18170137703418732,0.19172123447060585,0.20805253647267818
5.3,-75.75,2024-01-11,20.591507,18.242453,0.20739521,223.03871,227.7559585571289,911.0238342285156,241.06072126116072,1687.425048828125,237.1993865966797,2609.1932525634766,237.1993865966797,2609.1932525634766,237.1993865966797,2609.1932525634766,20.16967535018921,80.67870140075684,20.090145928519114,140.6310214996338,20.287262309681285,223.15988540649414,20.287262309681285,223.15988540649414,20.287262309681285,223.15988540649414,0.20739521086215973,0.2766766622662544,0.36220555007457733,0.38909658789634705,0.3991164453327656
5.3,-75.75,2024-01-12,19.631907,17.718485,0.274662,229.057,223.53895950317383,894.1558380126953,238.80317905970983,1671.6222534179688,236.52085494995117,2838.250259399414,236.52085494995117,2838.250259399414,236.52085494995117,2838.250259399414,19.922693729400635,79.69077491760254,20.067617416381836,140.47332191467285,20.232649326324463,242.79179191589355,20.232649326324463,242.79179191589355,20.232649326324463,242.79179191589355,0.27466198801994324,0.48205719888210297,0.5513386502861977,0.6368675380945206,0.6637585759162903
5.3,-75.75,2024-01-13,19.348513,17.818237,1.8811492,214.43425,224.66056442260742,898.6422576904297,232.0184609549386,1624.1292266845703,234.82188532902643,3052.6845092773438,234.82188532902643,3052.6845092773438,234.82188532902643,3052.6845092773438,19.91818141937256,79.67272567749023,19.986517224993026,139.90562057495117,20.16463881272536,262.1403045654297,20.16463881272536,262.1403045654297,20.16463881272536,262.1403045654297,1.881149172782898,2.155811160802841,2.363206371665001,2.4324878230690956,2.5180167108774185
5.3,-75.75,2024-01-14,19.482513,17.186396,0.09052542,258.01938,231.13733673095703,924.5493469238281,230.36206708635603,1612.5344696044922,236.47884913853235,3310.703887939453,236.47884913853235,3310.703887939453,236.47884913853235,3310.703887939453,19.763609886169434,79.05443954467773,19.877376283918107,139.14163398742676,20.11591557094029,281.62281799316406,20.11591557094029,281.62281799316406,20.11591557094029,281.62281799316406,0.09052541851997375,1.9716745913028717,2.246336579322815,2.4537317901849747,2.5230132415890694
5.3,-75.75,2024-01-15,20.491404,17.170324,0.027936546,254.3704,238.9702606201172,955.8810424804688,231.5685533796038,1620.9798736572266,238.82654462541853,3343.5716247558594,237.67161966959637,3565.0742950439453,237.67161966959637,3565.0742950439453,19.73858404159546,78.95433616638184,19.85902922494071,139.01320457458496,20.101211139133998,281.416955947876,20.1409481048584,302.114221572876,20.1409481048584,302.114221572876,0.027936546131968498,0.11846196465194225,1.9996111374348402,2.2742731254547834,2.481668336316943
5.3,-75.75,2024-01-16,20.599396,16.77623,0.026085744,229.47633,239.07509231567383,956.3003692626953,234.35833958217077,1640.5083770751953,240.57689121791296,3368.0764770507812,237.15941429138184,3794.5506286621094,237.15941429138184,3794.5506286621094,19.980456352233887,79.92182540893555,20.03514834812709,140.24603843688965,20.078009741646902,281.09213638305664,20.16960108280182,322.7136173248291,20.16960108280182,322.7136173248291,0.02608574368059635,0.05402228981256485,0.1445477083325386,2.0256968811154366,2.30035886913538
5.3,-75.75,2024-01-17,21.17327,17.161692,0.044010818,246.22673,247.02321243286133,988.0928497314453,236.37468828473772,1654.622817993164,241.2072470528739,3376.9014587402344,237.6927858240464,4040.777359008789,237.6927858240464,4040.777359008789,20.4366455078125,81.74658203125,20.188358306884766,141.31850814819336,20.125414167131698,281.75579833984375,20.22864038803998,343.8868865966797,20.22864038803998,343.8868865966797,0.044010818004608154,0.0700965616852045,0.098033107817173,0.18855852633714676,2.0697076991200447
5.3,-75.75,2024-01-18,20.827414,16.859777,0.002956716,216.05925,236.5331802368164,946.1327209472656,235.37762233189173,1647.6433563232422,238.21917179652624,3335.068405151367,236.49092271592883,4256.836608886719,236.49092271592883,4256.836608886719,20.772870540618896,83.09148216247559,20.22205924987793,141.5544147491455,20.15610258919852,282.1854362487793,20.261905564202202,364.71430015563965,20.261905564202202,364.71430015563965,0.0029567161109298468,0.046967534115538,0.07305327779613435,0.10098982392810285,0.1915152424480766
5.3,-75.75,2024-01-19,21.636328,17.800095,0.031477828,243.87282,233.90878295898438,935.6351318359375,237.4941667829241,1662.4591674804688,238.14867292131697,3334.0814208984375,236.87944351999383,4500.709426879883,236.87944351999383,4500.709426879883,21.059101581573486,84.23640632629395,20.508405140468053,143.55883598327637,20.288011278424943,284.0321578979492,20.33424357364052,386.3506278991699,20.33424357364052,386.3506278991699,0.031477827578783035,0.03443454368971288,0.07844536169432104,0.10453110537491739,0.1324676515068859
5.3,-75.75,2024-01-20,19.683197,17.531128,0.29950228,118.212524,206.09283065795898,824.3713226318359,223.74820600237166,1566.2374420166016,227.88333347865515,3190.366668701172,230.94609756469725,4618.921951293945,230.94609756469725,4618.921951293945,20.8300518989563,83.3202075958252,20.556217193603516,143.8935203552246,20.27136720929827,283.7991409301758,20.301691246032714,406.0338249206543,20.301691246032714,406.0338249206543,0.29950228333473206,0.3309801109135151,0.33393682702444494,0.3779476450290531,0.40403338870964944
5.3,-75.75,2024-01-21,20.098404,18.087992,0.3487296,180.58296,189.68188858032227,758.7275543212891,212.68586077008928,1488.801025390625,221.52396392822266,3101.335494995117,228.547853015718,4799.504913330078,228.547853015718,4799.504913330078,20.561335563659668,82.24534225463867,20.6442015511649,144.5094108581543,20.260788917541504,283.65104484558105,20.292010897681827,426.13222885131836,20.292010897681827,426.13222885131836,0.34872961044311523,0.6482318937778473,0.6797097213566303,0.6826664374675602,0.7266772554721683
5.3,-75.75,2024-01-22,20.75228,17.626587,0.12815271,248.81294,197.87031173706055,791.4812469482422,211.89193725585938,1483.2435607910156,221.73024531773157,3104.223434448242,229.8483421688988,4826.815185546875,229.4689934470437,5048.317855834961,20.54255199432373,82.17020797729492,20.6814695085798,144.7702865600586,20.270249366760254,283.78349113464355,20.29463059561593,426.18724250793457,20.312932187860664,446.88450813293457,0.12815271317958832,0.47688232362270355,0.7763846069574356,0.8078624345362186,0.8108191506471485
5.3,-75.75,2024-01-23,20.950134,17.030191,0.13546179,230.82097,194.60734939575195,778.4293975830078,212.08402797154017,1484.5881958007812,223.22118377685547,3125.0965728759766,231.0792701357887,4852.6646728515625,229.5277749766474,5279.138824462891,20.3710036277771,81.4840145111084,20.73157501220703,145.12102508544922,20.383361680167063,285.36706352233887,20.29586483183361,426.21316146850586,20.34063662653384,467.8346424102783,0.13546179234981537,0.2636145055294037,0.6123441159725189,0.911846399307251,0.943324226886034
5.3,-75.75,2024-01-24,20.427704,16.093176,0.0016251411,270.45114,232.6670036315918,930.6680145263672,215.54465811593192,1508.8126068115234,225.95967320033483,3163.4354248046875,232.6530507405599,4885.714065551758,231.23291524251303,5549.5899658203125,20.557130336761475,82.2285213470459,20.625065667288645,144.3754596710205,20.406711987086705,285.69396781921387,20.29196466718401,426.13125801086426,20.344264427820843,488.2623462677002,0.001625141128897667,0.13708693347871304,0.26523964665830135,0.6139692571014166,0.9134715404361486
5.3,-75.75,2024-01-25,20.670898,16.719198,0.012453034,271.27347,255.33963012695312,1021.3585205078125,223.43240356445312,1564.0268249511719,229.40501294817244,3211.670181274414,233.29024905250185,4899.095230102539,232.83453735351563,5820.863433837891,20.70025396347046,82.80101585388184,20.602706364222936,144.21894454956055,20.41238280705043,285.77335929870605,20.30497051420666,426.40438079833984,20.35732978820801,508.9332447052002,0.012453033588826656,0.014078174717724323,0.1495399670675397,0.277692680247128,0.6264222906902432
5.3,-75.75,2024-01-26,20.485968,17.655472,0.029969847,231.93512,251.12017440795898,1004.4806976318359,221.72701808384485,1552.089126586914,229.61059243338448,3214.548294067383,232.67478797549293,4886.170547485352,232.79994436410757,6052.798553466797,20.633676052093506,82.53470420837402,20.43836920601981,143.06858444213867,20.473387173243932,286.62742042541504,20.338130587623233,427.1007423400879,20.362277397742638,529.4192123413086,0.029969846829771996,0.04242288041859865,0.04404802154749632,0.1795098138973117,0.3076625270769
5.3,-75.75,2024-01-27,21.061502,18.551748,0.10060457,235.18575,252.21136856079102,1008.8454742431641,238.4374782017299,1669.0623474121094,231.09284210205078,3235.299789428711,231.40138171968005,4859.429016113281,232.88830735948352,6287.984298706055,20.661518096923828,82.64607238769531,20.635269982474192,144.44688987731934,20.595743588038854,288.34041023254395,20.392668133690243,428.2460308074951,20.388174622147172,550.4807147979736,0.1006045714020729,0.1305744182318449,0.14302745182067156,0.14465259294956923,0.2801143852993846
5.3,-75.75,2024-01-28,21.123392,18.34931,0.032655835,253.58104,247.99384307861328,991.9753723144531,248.86577497209822,1742.0604248046875,230.77581787109375,3230.8614501953125,230.63790094284784,4843.395919799805,233.62733350481307,6541.565338134766,20.835440158843994,83.34176063537598,20.78169686453683,145.4718780517578,20.712949207850865,289.9812889099121,20.434424899873278,429.12292289733887,20.41443238939558,571.6041069030762,0.03265583515167236,0.13326040655374527,0.16323025338351727,0.17568328697234392,0.1773084281012416
5.3,-75.75,2024-01-29,21.332788,18.247015,0.021772176,237.11241,239.4535789489746,957.8143157958984,247.19427054268974,1730.3598937988281,229.54310389927454,3213.6034545898438,230.21825372605096,4834.58332824707,234.18482426234655,6557.175079345703,21.0009126663208,84.0036506652832,20.864626748221262,146.05238723754883,20.77304812840053,290.8226737976074,20.46837516058059,429.8358783721924,20.437129633767263,572.2396297454834,0.021772176027297974,0.05442801117897034,0.15503258258104324,0.18500242941081524,0.1974554629996419
5.3,-75.75,2024-01-30,20.95875,18.728937,0.108495235,206.06596,232.98628997802734,931.9451599121094,243.6578412737165,1705.6048889160156,227.87093462262834,3190.193084716797,230.03340294247582,4830.701461791992,234.22391292027064,6558.269561767578,21.119108200073242,84.47643280029297,20.865857533046178,146.06100273132324,20.798716272626603,291.18202781677246,20.544193631126767,431.4280662536621,20.438363007136754,572.2741641998291,0.10849523544311523,0.1302674114704132,0.16292324662208557,0.2635278180241585,0.2934976648539305
5.3,-75.75,2024-01-31,20.990326,18.12886,0.14865524,260.44797,239.3018455505371,957.2073822021484,242.22881644112724,1695.6017150878906,228.88673727852958,3204.414321899414,231.38272094726562,4859.037139892578,235.04699216570174,6581.315780639648,21.101314067840576,84.4052562713623,20.946232114519393,146.62362480163574,20.785648890904017,290.99908447265625,20.586552029564267,432.3175926208496,20.455531529017858,572.7548828125,0.1486552357673645,0.25715047121047974,0.2789226472377777,0.3115784823894501,0.412183053791523
5.3,-75.5,2024-01-01,17.83693,14.491994,0.30014893,235.71898,235.71897888183594,235.71897888183594,235.71897888183594,235.71897888183594,235.71897888183594,235.71897888183594,235.71897888183594,235.71897888183594,235.71897888183594,235.71897888183594,17.836929321289062,17.836929321289062,17.836929321289062,17.836929321289062,17.836929321289062,17.836929321289062,17.836929321289062,17.836929321289062,17.836929321289062,17.836929321289062,0.30014893412590027,0.30014893412590027,0.30014893412590027,0.30014893412590027,0.30014893412590027
5.3,-75.5,2024-01-02,18.510263,15.0104065,0.12638214,228.13033,231.92465209960938,463.84930419921875,231.92465209960938,463.84930419921875,231.92465209960938,463.84930419921875,231.92465209960938,463.84930419921875,231.92465209960938,463.84930419921875,18.173596382141113,36.34719276428223,18.173596382141113,36.34719276428223,18.173596382141113,36.34719276428223,18.173596382141113,36.34719276428223,18.173596382141113,36.34719276428223,0.12638214230537415,0.4265310764312744,0.4265310764312744,0.4265310764312744,0.4265310764312744
5.3,-75.5,2024-01-03,18.064901,14.4570265,0.23023063,246.8836,236.91097005208334,710.73291015625,236.91097005208334,710.73291015625,236.91097005208334,710.73291015625,236.91097005208334,710.73291015625,236.91097005208334,710.73291015625,18.137364705403645,54.41209411621094,18.137364705403645,54.41209411621094,18.137364705403645,54.41209411621094,18.137364705403645,54.41209411621094,18.137364705403645,54.41209411621094,0.23023062944412231,0.35661277174949646,0.6567617058753967,0.6567617058753967,0.6567617058753967
5.3,-75.5,2024-01-04,17.407751,13.245514,0.03531378,265.50458,244.0593719482422,976.2374877929688,244.0593719482422,976.2374877929688,244.0593719482422,976.2374877929688,244.0593719482422,976.2374877929688,244.0593719482422,976.2374877929688,17.95496129989624,71.81984519958496,17.95496129989624,71.81984519958496,17.95496129989624,71.81984519958496,17.95496129989624,71.81984519958496,17.95496129989624,71.81984519958496,0.03531378135085106,0.2655444107949734,0.3919265531003475,0.6920754872262478,0.6920754872262478
5.3,-75.5,2024-01-05,16.79132,13.036931,0.15307283,253.48552,248.50100708007812,994.0040283203125,245.9446014404297,1229.7230072021484,245.9446014404297,1229.7230072021484,245.9446014404297,1229.7230072021484,245.9446014404297,1229.7230072021484,17.693559169769287,70.77423667907715,17.72223320007324,88.61116600036621,17.72223320007324,88.61116600036621,17.72223320007324,88.61116600036621,17.72223320007324,88.61116600036621,0.15307283401489258,0.18838661536574364,0.41861724480986595,0.5449993871152401,0.8451483212411404
5.3,-75.5,2024-01-06,16.928381,12.545299,0.009250573,277.1581,260.7579536437988,1043.0318145751953,251.146853129069,1506.881118774414,251.146853129069,1506.881118774414,251.146853129069,1506.881118774414,251.146853129069,1506.881118774414,17.298088550567627,69.19235420227051,17.589924494425457,105.53954696655273,17.589924494425457,105.53954696655273,17.589924494425457,105.53954696655273,17.589924494425457,105.53954696655273,0.009250572882592678,0.16232340689748526,0.19763718824833632,0.42786781769245863,0.5542499599978328
5.3,-75.5,2024-01-07,17.193502,11.598175,0.0061432184,280.4793,269.1568794250488,1076.6275177001953,255.3372039794922,1787.3604278564453,255.3372039794922,1787.3604278564453,255.3372039794922,1787.3604278564453,255.3372039794922,1787.3604278564453,17.080238819122314,68.32095527648926,17.533292770385742,122.7330493927002,17.533292770385742,122.7330493927002,17.533292770385742,122.7330493927002,17.533292770385742,122.7330493927002,0.006143218372017145,0.015393791254609823,0.1684666252695024,0.20378040662035346,0.4340110360644758
5.3,-75.5,2024-01-08,17.600103,12.007289,0.014166028,273.29062,271.10338973999023,1084.413558959961,260.704581124442,1824.9320678710938,257.5813808441162,2060.6510467529297,257.5813808441162,2060.6510467529297,257.5813808441162,2060.6510467529297,17.128326892852783,68.51330757141113,17.49946049281529,122.49622344970703,17.54164409637451,140.3331527709961,17.54164409637451,140.3331527709961,17.54164409637451,140.3331527709961,0.01416602823883295,0.020309246610850096,0.029559819493442774,0.18263265350833535,0.2179464348591864
5.3,-75.5,2024-01-09,16.695929,11.798223,0.042879563,252.14221,270.76756286621094,1083.0702514648438,264.13485063825334,1848.9439544677734,256.9770287407769,2312.793258666992,256.9770287407769,2312.793258666992,256.9770287407769,2312.793258666992,17.10447883605957,68.41791534423828,17.240269797188894,120.68188858032227,17.447675704956055,157.0290813446045,17.447675704956055,157.0290813446045,17.447675704956055,157.0290813446045,0.04287956282496452,0.057045591063797474,0.06318880943581462,0.0724393823184073,0.22551221633329988
5.3,-75.5,2024-01-10,17.053152,13.006993,0.04372658,249.90466,263.9542007446289,1055.8168029785156,264.5664302280971,1851.9650115966797,256.269792175293,2562.6979217529297,256.269792175293,2562.6979217529297,256.269792175293,2562.6979217529297,17.135671615600586,68.54268646240234,17.095734187534877,119.67013931274414,17.408223342895507,174.08223342895508,17.408223342895507,174.08223342895508,17.408223342895507,174.08223342895508,0.04372657835483551,0.08660614117980003,0.10077216941863298,0.10691538779065013,0.11616596067324281
5.3,-75.5,2024-01-11,17.43158,14.301727,0.14015913,243.68304,254.75513458251953,1019.0205383300781,261.44906834193637,1830.1434783935547,255.12554238059303,2806.3809661865234,255.12554238059303,2806.3809661865234,255.12554238059303,2806.3809661865234,17.195190906524658,68.78076362609863,17.099138259887695,119.69396781921387,17.41034663807262,191.51381301879883,17.41034663807262,191.51381301879883,17.41034663807262,191.51381301879883,0.14015913009643555,0.18388570845127106,0.22676527127623558,0.24093129951506853,0.24707451788708568
5.3,-75.5,2024-01-12,16.562403,13.933121,0.19778861,244.14014,247.46751403808594,989.8700561523438,260.114013671875,1820.798095703125,254.2100919087728,3050.5211029052734,254.2100919087728,3050.5211029052734,254.2100919087728,3050.5211029052734,16.935765743255615,67.74306297302246,17.06643567766462,119.46504974365234,17.33968464533488,208.07621574401855,17.33968464533488,208.07621574401855,17.33968464533488,208.07621574401855,0.19778861105442047,0.337947741150856,0.38167431950569153,0.42455388233065605,0.438719910569489
5.3,-75.5,2024-01-13,16.450136,14.344971,1.1028167,224.6493,240.59428787231445,962.3771514892578,252.61275591169084,1768.289291381836,251.9361853966346,3275.17041015625,251.9361853966346,3275.17041015625,251.9361853966346,3275.17041015625,16.87431764602661,67.49727058410645,16.99811499459403,118.9868049621582,17.27125784067007,224.52635192871094,17.27125784067007,224.52635192871094,17.27125784067007,224.52635192871094,1.1028167009353638,1.3006053119897842,1.4407644420862198,1.4844910204410553,1.5273705832660198
5.3,-75.5,2024-01-14,16.800125,13.622441,0.07264643,273.4695,246.48550033569336,985.9420013427734,251.6113564627511,1761.2794952392578,253.47428022112166,3548.639923095703,253.47428022112166,3548.639923095703,253.47428022112166,3548.639923095703,16.811060905456543,67.24424362182617,16.941918236868723,118.59342765808105,17.237605503627233,241.32647705078125,17.237605503627233,241.32647705078125,17.237605503627233,241.32647705078125,0.07264643162488937,1.1754631325602531,1.3732517436146736,1.5134108737111092,1.5571374520659447
5.3,-75.5,2024-01-15,17.584167,12.458064,0.015600507,278.3525,255.1528663635254,1020.6114654541016,252.33448355538505,1766.3413848876953,256.5195323399135,3591.273452758789,255.13282877604166,3826.992431640625,255.13282877604166,3826.992431640625,16.849207878112793,67.39683151245117,16.93964168003627,118.5774917602539,17.21955108642578,241.07371520996094,17.260709635416667,258.91064453125,17.260709635416667,258.91064453125,0.015600507147610188,0.08824693877249956,1.1910636397078633,1.3888522507622838,1.5290113808587193
5.3,-75.5,2024-01-16,17.708517,11.652568,0.013613694,257.04117,258.37812423706055,1033.5124969482422,253.03433445521765,1771.2403411865234,258.5845925467355,3620.184295654297,255.25209999084473,4084.0335998535156,255.25209999084473,4084.0335998535156,17.1357364654541,68.5429458618164,17.08429718017578,119.59008026123047,17.162283488682338,240.27196884155273,17.288697600364685,276.61916160583496,17.288697600364685,276.61916160583496,0.013613694347441196,0.029214201495051384,0.10186063311994076,1.2046773340553045,1.402465945109725
5.3,-75.5,2024-01-17,18.133509,12.204463,0.0206469,262.46945,267.8331604003906,1071.3326416015625,254.82930428641183,1783.8051300048828,259.6978672572545,3635.7701416015625,255.67665010340073,4346.5030517578125,255.67665010340073,4346.5030517578125,17.55657958984375,70.226318359375,17.238633837018693,120.67043685913086,17.167184012276785,240.340576171875,17.33839236988741,294.75267028808594,17.33839236988741,294.75267028808594,0.020646899938583374,0.03426059428602457,0.04986110143363476,0.12250753305852413,1.225324233993888
5.3,-75.5,2024-01-18,18.177984,12.5924225,0.00841231,241.95099,259.95352935791016,1039.8141174316406,254.58186776297433,1782.0730743408203,258.01546805245533,3612.216552734375,254.91411336263022,4588.454040527344,254.91411336263022,4588.454040527344,17.901044368743896,71.60417747497559,17.345263072422572,121.41684150695801,17.222200666155135,241.11080932617188,17.385036362542046,312.93065452575684,17.385036362542046,312.93065452575684,0.008412309922277927,0.0290592098608613,0.0426729042083025,0.058273411355912685,0.13091984298080206
5.3,-75.5,2024-01-19,18.595718,12.94635,0.016395206,253.07045,253.63301467895508,1014.5320587158203,255.85762677873885,1791.0033874511719,257.9858202253069,3611.801483154297,254.81707843981292,4841.524490356445,254.81707843981292,4841.524490356445,18.153932094573975,72.6157283782959,17.63573673793248,123.45015716552734,17.35108620779855,242.9152069091797,17.448756468923467,331.5263729095459,17.448756468923467,331.5263729095459,0.01639520563185215,0.024807515554130077,0.04545441549271345,0.05906810984015465,0.07466861698776484
5.3,-75.5,2024-01-20,17.14943,12.89594,0.028189017,156.11104,228.40048217773438,913.6019287109375,246.06644548688615,1722.4651184082031,249.3396006992885,3490.754409790039,249.88177642822265,4997.635528564453,249.88177642822265,4997.635528564453,18.01416015625,72.056640625,17.73563575744629,124.14945030212402,17.366875376020158,243.13625526428223,17.433790111541747,348.67580223083496,17.433790111541747,348.67580223083496,0.02818901650607586,0.04458422213792801,0.052996532060205936,0.07364343199878931,0.0872571263462305
5.3,-75.5,2024-01-21,17.53193,14.428035,0.10146295,186.40283,209.38382720947266,837.5353088378906,233.62834821428572,1635.3984375,242.61985233851843,3396.677932739258,246.85896955217635,5184.038360595703,246.85896955217635,5184.038360595703,17.863765716552734,71.45506286621094,17.840179443359375,124.88125610351562,17.39104884011405,243.47468376159668,17.438463483537948,366.2077331542969,17.438463483537948,366.2077331542969,0.1014629527926445,0.12965196929872036,0.1460471749305725,0.15445948485285044,0.1751063847914338
5.3,-75.5,2024-01-22,18.125132,13.485148,0.07186333,259.19543,213.69493865966797,854.7797546386719,230.8916233607701,1616.2413635253906,241.61305345807756,3382.582748413086,247.97689601353235,5207.51481628418,247.41971796209162,5443.233795166016,17.850552558898926,71.4022102355957,17.91746003287179,125.42222023010254,17.42855085645403,243.99971199035645,17.452187401907786,366.4959354400635,17.46967567097057,384.33286476135254,0.0718633309006691,0.1733262836933136,0.20151530019938946,0.2179105058312416,0.22632281575351954
5.3,-75.5,2024-01-23,18.34147,11.339554,0.00011126194,255.27858,214.2469711303711,856.9878845214844,230.63982500348772,1614.478775024414,241.83707972935267,3385.7191162109375,249.26967003231957,5234.663070678711,247.76140760338825,5698.51237487793,17.786990642547607,71.14796257019043,18.00788198198591,126.05517387390137,17.546089581080846,245.64525413513184,17.444149653116863,366.3271427154541,17.507579803466797,402.6743354797363,0.00011126194294774905,0.07197459284361685,0.17343754563626135,0.2016265621423372,0.21802176777418936
5.3,-75.5,2024-01-24,17.64799,9.8507185,0.00077088666,287.40445,247.0703239440918,988.2812957763672,234.20196751185827,1639.4137725830078,244.51563589913505,3423.2189025878906,251.19923400878906,5275.18391418457,249.41320101420084,5985.91682434082,17.911630630493164,71.64652252197266,17.93852206638881,125.56965446472168,17.58857795170375,246.24009132385254,17.424296696980793,365.9102306365967,17.51343019803365,420.3223247528076,0.0007708866614848375,0.0008821486044325866,0.07274547950510168,0.17420843229774619,0.20239744880382204
5.3,-75.5,2024-01-25,17.895426,10.240402,0.00098546,290.0605,272.98473739624023,1091.938949584961,241.0747528076172,1687.5232696533203,247.82831028529577,3469.5963439941406,252.36856297084265,5299.739822387695,251.03909240722658,6275.977310180664,18.002504348754883,72.01001739501953,17.898156574794225,125.28709602355957,17.6217098236084,246.70393753051758,17.447519302368164,366.39790534973145,17.528710021972657,438.2177505493164,0.0009854600066319108,0.0017563466681167483,0.0018676086110644974,0.0737309395117336,0.1751938923043781
5.3,-75.5,2024-01-26,17.655146,11.996648,0.007069109,253.44849,271.54800033569336,1086.1920013427734,241.1287580217634,1687.9013061523438,248.4931924002511,3478.9046936035156,252.3667994907924,5299.702789306641,251.1317614041842,6529.425796508789,17.885007858276367,71.54003143310547,17.76378904070173,124.34652328491211,17.699762889317103,247.79668045043945,17.488653818766277,367.2617301940918,17.533572930556076,455.872896194458,0.007069109007716179,0.00805456901434809,0.008825455675832927,0.008936717618780676,0.08080004851944977
5.3,-75.5,2024-01-27,18.258224,14.071167,0.06352289,250.90938,270.4556999206543,1081.8227996826172,254.67137799944197,1782.6996459960938,250.36891174316406,3505.164764404297,251.11685979933966,5273.454055786133,251.12352498372397,6780.335174560547,17.864196300506592,71.45678520202637,17.922188350132533,125.45531845092773,17.828912053789413,249.60476875305176,17.551979700724285,368.59157371520996,17.56041187710232,474.1311206817627,0.06352289021015167,0.07059199921786785,0.07157745922449976,0.0723483458859846,0.07245960782893235
5.3,-75.5,2024-01-28,18.353354,14.025258,0.0145276375,270.25806,266.1691017150879,1064.6764068603516,266.65069580078125,1866.5548706054688,250.1395220075335,3501.9533081054688,250.63013349260603,5263.232803344727,251.80690111432756,7050.593231201172,18.040537357330322,72.16214942932129,18.039534432547434,126.27674102783203,17.939856937953405,251.15799713134766,17.60721070425851,369.7514247894287,17.58873122079032,492.4844741821289,0.014527637511491776,0.07805052772164345,0.08511963672935963,0.08610509673599154,0.08687598339747638
5.3,-75.5,2024-01-29,18.539322,13.45489,0.008062516,256.63882,257.8136863708496,1031.2547454833984,266.2854657854353,1863.9982604980469,248.58854457310267,3480.2396240234375,249.83719090053015,5246.581008911133,252.5540384565081,7071.513076782227,18.20151138305664,72.80604553222656,18.098704474312918,126.69093132019043,18.008082253592356,252.11315155029297,17.651935395740328,370.6906433105469,17.61381667000907,493.1868667602539,0.008062516339123249,0.022590153850615025,0.0861130440607667,0.09318215306848288,0.09416761307511479
5.3,-75.5,2024-01-30,18.112116,14.504735,0.06637629,222.20148,250.00193405151367,1000.0077362060547,261.56016540527344,1830.921157836914,246.09999520438058,3445.399932861328,248.41144162132628,5216.640274047852,252.34229387555803,7065.584228515625,18.315753936767578,73.26301574707031,18.065939494541713,126.46157646179199,18.03691073826381,252.51675033569336,17.7193728855678,372.1068305969238,17.599597113473074,492.7887191772461,0.06637629121541977,0.07443880755454302,0.0889664450660348,0.15248933527618647,0.15955844428390265
5.3,-75.5,2024-01-31,18.24357,14.054067,0.12220532,264.61053,253.4272232055664,1013.7088928222656,258.30389186314176,1808.1272430419922,246.2529296875,3447.541015625,249.1117212204706,5231.346145629883,252.97539847237724,7083.3111572265625,18.312090396881104,73.24836158752441,18.151022502354213,127.05715751647949,18.04477228437151,252.62681198120117,17.77605946858724,373.29724884033203,17.605978148324148,492.9673881530762,0.12220531702041626,0.18858160823583603,0.19664412457495928,0.21117176208645105,0.2746946522966027
